T,T,T,T,T,T,T,T,T,T,T,T,T,T,T,T,T,T,T,T,T,T,T,T,T,T,T,T,T,T,T,T,T,T,T,T,T,T,T,T,T,B,B,B,B,B,B,B,B,B,B,P,P,P,P,P,P,P,P,P,P,P,P,P,P,P,P,P,P,B,B,B,B,B,B,B,B,R,R,R,R,R,R,R,R,R,T,T,T,T,T,T,T,T,T,T,T,T,T,T,T,T,T,T,T,T,T,T,T,T,T,T,T,T,T,T,T,T,T,T,T,T,T,T,T,T,T,T,B,B,B,B,B,B,B,B,B,B,P,P,P,P,P,P,P,P,P,P,P,P,P,P,P,P,P,P,B,B,B,B,B,B,B,B,R,R,R,R,R,R,R,R,R,T,T,T,T,T,T,T,T,T,T,T,T,T,T,T,T,T,T,T,T,T,T,T,T,T,T,T,T,T,T,T,T,T,T,T,T,T,T,T,T,B,B,B,B,B,B,B,B,B,B,B,B,P,P,P,P,P,P,P,P,P,P,P,P,P,P,P,P,B,B,B,B,B,B,B,B,B
B,R,R,R,R,R,R,R,R,T,T,T,T,T,T,T,T,T,T,T,T,T,T,T,T,T,T,T,T,T,T,T,T,T,T,T,T,T,T,T,T,T,T,T,T,T,T,T,T,B,B,B,B,B,B,B,B,B,B,B,B,P,P,P,P,P,P,P,P,P,P,P,P,P,P,P,P,P,B,B,B,B,B,B,B,B,B,R,R,R,R,R,R,R,R,R,T,T,T,T,T,T,T,T,T,T,T,T,T,T,T,T,T,T,T,T,T,T,T,T,T,T,T,T,T,T,T,T,T,T,T,T,T,T,T,T,B,B,B,B,B,B,B,B,B,B,B,B,P,P,P,P,P,P,P,P,P,P,P,P,P,P,P,P,P,B,B,B,B,B,B,B,B,B,R,R,R,R,R,R,R,R,T,T,T,T,T,T,T,T,T,T,T,T,T,T,T,T,T,T,T,T,T,T,T,T,T,T,T,T,T,T,T,T,T,T,T,T,T,T,T,T,T,B,B,B,B,B,B,B,B,B,B,B,P,P,P,P,P,P,P,P,P,P,P,P,P,P,B,B
B,B,B,B,B,B,B,B,B,R,R,R,R,R,R,R,R,R,R,T,T,T,T,T,T,T,T,T,T,T,T,T,T,T,T,T,T,T,T,T,T,T,T,T,T,T,T,T,T,T,T,T,T,T,T,T,T,T,T,T,B,B,B,B,B,B,B,B,B,B,B,P,P,P,P,P,P,P,P,P,P,P,P,P,P,P,P,P,B,B,B,B,B,B,B,B,R,R,R,R,R,R,R,R,R,T,T,T,T,T,T,T,T,T,T,T,T,T,T,T,T,T,T,T,T,T,T,T,T,T,T,T,T,T,T,T,T,T,T,T,T,T,T,T,T,T,T,B,B,B,B,B,B,B,B,B,P,P,P,P,P,P,P,P,P,P,P,P,P,P,P,P,P,P,P,B,B,B,B,B,B,B,R,R,R,R,R,R,R,R,R,T,T,T,T,T,T,T,T,T,T,T,T,T,T,T,T,T,T,T,T,T,T,T,T,T,T,T,T,T,T,T,T,T,T,T,T,T,T,T,B,B,B,B,B,B,B,B,B,B,B,B,P,P,P,P,P,P,P,P
B,B,B,B,B,B,B,B,B,P,P,P,P,P,P,P,P,P,P,P,P,P,P,P,B,B,B,B,B,R,R,R,R,R,R,R,R,R,T,T,T,T,T,T,T,T,T,T,T,T,T,T,T,T,T,T,T,T,T,T,T,T,T,T,T,T,T,T,T,T,T,T,T,T,T,T,T,T,B,B,B,B,B,B,B,B,B,B,P,P,P,P,P,P,P,P,P,P,P,P,P,P,P,P,B,B,B,B,B,R,R,R,R,R,R,R,T,T,T,T,T,T,T,T,T,T,T,T,T,T,T,T,T,T,T,T,T,T,T,T,T,T,T,T,T,T,T,T,T,T,T,T,T,T,T,T,B,B,B,B,B,B,B,B,B,B,B,P,P,P,P,P,P,P,P,P,P,P,P,P,P,P,P,P,B,B,B,B,R,R,R,R,R,R,R,T,T,T,T,T,T,T,T,T,T,T,T,T,T,T,T,T,T,T,T,T,T,T,T,T,T,T,T,T,T,T,T,T,T,T,T,T,T,T,T,B,B,B,B,B,B,B,B,B,B,B,B,B,B,B
P,P,P,P,P,P,P,P,P,P,P,P,B,B,B,B,B,R,R,R,R,R,R,R,R,T,T,T,T,T,T,T,T,T,T,T,T,T,T,T,T,T,T,T,T,T,T,T,T,T,T,T,T,T,T,T,T,T,T,T,T,T,T,T,T,B,B,B,B,B,B,B,B,B,B,B,P,P,P,P,P,P,P,P,P,P,P,P,P,P,P,P,B,B,B,B,B,R,R,R,R,R,R,R,R,T,T,T,T,T,T,T,T,T,T,T,T,T,T,T,T,T,T,T,T,T,T,T,T,T,T,T,T,T,T,T,T,T,T,T,T,T,T,T,T,B,B,B,B,B,B,B,B,B,B,B,P,P,P,P,P,P,P,P,P,P,P,P,P,B,B,B,B,B,B,B,R,R,R,R,R,R,R,R,T,T,T,T,T,T,T,T,T,T,T,T,T,T,T,T,T,T,T,T,T,T,T,T,T,T,T,T,T,T,T,T,T,T,T,T,T,T,T,T,B,B,B,B,B,B,B,B,B,P,P,P,P,P,P,P,P,P,P,P,P,P,P,P,P,P
B,B,B,B,B,R,R,R,R,R,R,R,R,T,T,T,T,T,T,T,T,T,T,T,T,T,T,T,T,T,T,T,T,T,T,T,T,T,T,T,T,T,T,T,T,T,T,T,T,T,T,T,B,B,B,B,B,B,B,B,B,B,B,P,P,P,P,P,P,P,P,P,P,P,P,P,P,P,P,P,B,B,B,B,R,R,R,R,R,R,R,R,T,T,T,T,T,T,T,T,T,T,T,T,T,T,T,T,T,T,T,T,T,T,T,T,T,T,T,T,T,T,T,T,T,T,T,T,T,T,T,T,B,B,B,B,B,B,B,B,B,P,P,P,P,P,P,P,P,P,P,P,P,P,P,P,P,P,B,B,B,B,R,R,R,R,R,R,R,T,T,T,T,T,T,T,T,T,T,T,T,T,T,T,T,T,T,T,T,T,T,T,T,T,T,T,T,T,T,T,T,T,T,T,T,T,T,T,T,T,T,B,B,B,B,B,B,B,B,P,P,P,P,P,P,P,P,P,P,P,P,P,P,P,P,P,B,B,B,B,R,R,R,R,R,R,R,R,T,T
T,T,T,T,T,T,T,T,T,T,T,T,T,T,T,T,T,B,B,B,B,B,B,B,B,B,B,B,B,B,B,B,B,P,P,P,P,P,P,P,P,P,P,P,P,P,P,P,P,P,P,P,P,P,P,P,P,P,P,P,B,B,B,B,B,B,B,R,R,R,R,R,R,R,R,R,T,T,T,T,T,T,T,T,T,T,T,T,T,T,T,T,T,T,T,T,T,T,T,T,T,T,T,T,T,T,T,T,T,T,T,T,T,T,T,T,T,T,T,T,T,B,B,B,B,B,B,B,B,B,B,B,B,B,B,B,B,B,B,B,B,P,P,P,P,P,P,P,P,P,P,P,P,P,P,P,P,B,B,B,B,B,B,B,B,B,R,R,R,R,R,R,R,R,R,T,T,T,T,T,T,T,T,T,T,T,T,T,T,T,T,T,T,T,T,T,T,T,T,T,T,T,T,T,T,T,T,T,T,T,T,T,B,B,B,B,B,B,B,B,B,B,B,B,B,B,B,B,B,B,B,B,B,B,B,P,P,P,P,P,P,P,P,P,P,P,P,P,P,P
P,P,P,P,P,P,P,B,B,B,B,B,B,B,B,R,R,R,R,R,R,R,R,R,R,T,T,T,T,T,T,T,T,T,T,T,T,T,T,T,T,T,T,T,T,T,T,T,T,T,T,T,T,T,T,T,T,T,T,T,T,T,B,B,B,B,B,B,B,B,B,B,B,B,B,P,P,P,P,P,P,P,P,P,P,P,P,P,P,P,P,P,P,P,P,P,P,P,P,P,P,P,P,P,P,P,P,P,B,B,B,B,B,B,B,B,B,B,R,R,R,R,R,R,R,R,R,T,T,T,T,T,T,T,T,T,T,T,T,T,T,T,T,T,T,T,T,T,T,T,T,T,T,T,T,T,T,T,T,T,T,T,T,T,T,T,T,B,B,B,B,B,B,B,B,B,B,B,B,B,B,B,B,B,B,B,B,B,B,B,P,P,P,P,P,P,P,P,P,P,P,P,P,P,P,P,P,P,P,B,B,B,B,B,B,R,R,R,R,R,R,R,R,R,R,T,T,T,T,T,T,T,T,T,T,T,T,T,T,T,T,T,T,T,T,T,T,T,T,T
T,T,T,T,T,T,T,T,T,T,T,T,T,T,T,T,T,T,T,T,T,T,T,T,T,T,T,T,T,T,T,B,B,B,B,B,B,B,B,B,B,B,B,B,B,P,P,P,P,P,P,P,P,P,P,P,P,P,P,P,B,B,B,B,R,R,R,R,R,R,R,R,T,T,T,T,T,T,T,T,T,T,T,T,T,T,T,T,T,T,T,T,T,T,T,T,T,T,T,T,T,T,T,T,T,T,T,T,T,B,B,B,B,B,B,B,B,B,B,B,B,B,B,B,B,P,P,P,P,P,P,P,P,P,P,P,P,P,P,P,B,B,B,B,R,R,R,R,R,R,R,T,T,T,T,T,T,T,T,T,T,T,T,T,T,T,T,T,T,T,T,T,T,T,T,T,T,T,T,T,T,T,T,T,T,T,T,T,B,B,B,B,B,B,B,B,B,B,B,P,P,P,P,P,P,P,P,P,P,P,P,P,P,P,P,P,P,P,P,P,B,B,B,R,R,R,R,R,R,R,T,T,T,T,T,T,T,T,T,T,T,T,T,T,T,T,T,T,T,T
T,T,T,T,T,T,T,T,T,T,T,T,T,T,T,T,T,T,T,B,B,B,B,B,B,B,B,B,B,B,B,B,P,P,P,P,P,P,P,P,P,P,P,P,P,P,P,P,B,B,B,B,R,R,R,R,R,R,T,T,T,T,T,T,T,T,T,T,T,T,T,T,T,T,T,T,T,T,T,T,T,T,T,T,T,T,T,T,T,T,T,T,T,T,T,T,T,T,T,B,B,B,B,B,B,B,B,B,B,B,B,P,P,P,P,P,P,P,P,P,P,P,P,P,P,P,B,B,B,B,R,R,R,R,R,R,R,R,T,T,T,T,T,T,T,T,T,T,T,T,T,T,T,T,T,T,T,T,T,T,T,T,T,T,T,T,T,T,T,T,T,T,T,T,B,B,B,B,B,B,B,B,B,B,B,B,B,B,B,B,B,P,P,P,P,P,P,P,P,P,P,P,P,P,P,B,B,B,B,R,R,R,R,R,R,R,R,T,T,T,T,T,T,T,T,T,T,T,T,T,T,T,T,T,T,T,T,T,T,T,T,T,T,T,T,T,T,T,T,T
T,T,T,T,T,T,T,B,B,B,B,B,B,B,B,B,B,B,B,B,P,P,P,P,P,P,P,P,P,P,P,P,P,B,B,B,B,B,R,R,R,R,R,R,R,T,T,T,T,T,T,T,T,T,T,T,T,T,T,T,T,T,T,T,T,T,T,T,T,T,T,T,T,T,T,T,T,T,T,T,T,T,T,B,B,B,B,B,B,B,B,B,B,B,B,B,B,B,P,P,P,P,P,P,P,P,P,P,P,P,P,P,B,B,B,B,R,R,R,R,R,R,R,T,T,T,T,T,T,T,T,T,T,T,T,T,T,T,T,T,T,T,T,T,T,T,T,T,T,T,T,T,T,T,T,T,T,T,T,T,T,B,B,B,B,B,B,B,B,B,B,B,B,B,B,B,P,P,P,P,P,P,P,P,P,P,P,P,P,P,B,B,B,B,R,R,R,R,R,R,R,T,T,T,T,T,T,T,T,T,T,T,T,T,T,T,T,T,T,T,T,T,T,T,T,T,T,T,T,T,T,T,T,T,T,T,T,T,T,T,B,B,B,B,B,B,B,B,B,B
R,R,R,R,T,T,T,T,T,T,T,T,T,T,T,T,T,T,T,T,T,T,T,T,T,T,T,T,T,T,T,T,T,T,T,T,T,T,T,T,T,B,B,B,B,B,B,B,B,B,B,B,B,B,B,B,B,B,B,B,B,B,B,B,B,B,P,P,P,P,P,P,P,P,P,P,P,P,P,P,P,P,B,B,B,R,R,R,R,R,R,R,T,T,T,T,T,T,T,T,T,T,T,T,T,T,T,T,T,T,T,T,T,T,T,T,T,T,T,T,T,T,T,T,T,T,T,T,T,T,T,T,B,B,B,B,B,B,B,B,B,B,B,B,B,B,B,B,B,B,B,B,B,B,B,B,B,P,P,P,P,P,P,P,P,P,P,P,P,P,B,B,B,R,R,R,R,R,R,R,R,R,T,T,T,T,T,T,T,T,T,T,T,T,T,T,T,T,T,T,T,T,T,T,T,T,T,T,T,T,T,T,T,T,T,T,T,T,T,T,B,B,B,B,B,B,B,B,B,B,B,B,B,B,B,B,B,B,B,B,B,B,B,B,B,B,B,B,B,B
B,B,B,B,B,B,B,B,B,B,B,B,B,B,P,P,P,P,P,P,P,P,P,P,P,P,P,P,B,B,B,B,R,R,R,R,R,R,R,T,T,T,T,T,T,T,T,T,T,T,T,T,T,T,T,T,T,T,T,T,T,T,T,T,T,T,T,T,T,T,T,T,T,T,T,T,T,T,T,B,B,B,B,B,B,B,B,B,B,B,B,B,B,B,B,B,B,B,B,B,B,B,B,B,B,P,P,P,P,P,P,P,P,P,P,P,P,P,P,B,B,B,R,R,R,R,R,R,R,R,T,T,T,T,T,T,T,T,T,T,T,T,T,T,T,T,T,T,T,T,T,T,T,T,T,T,T,T,T,T,T,T,T,T,T,T,T,T,B,B,B,B,B,B,B,B,B,B,B,B,B,B,B,B,B,B,B,B,B,B,B,B,B,B,B,B,B,P,P,P,P,P,P,P,P,P,P,P,P,B,B,B,B,R,R,R,R,R,R,R,T,T,T,T,T,T,T,T,T,T,T,T,T,T,T,T,T,T,T,T,T,T,T,T,T,T,T,T,T,T
P,P,P,P,B,B,B,B,B,B,B,B,R,R,R,R,R,R,R,R,R,T,T,T,T,T,T,T,T,T,T,T,T,T,T,T,T,T,T,T,T,T,T,T,T,T,T,T,T,T,T,T,T,T,T,T,T,T,T,T,T,T,T,T,T,B,B,B,B,B,B,B,B,B,B,B,B,B,P,P,P,P,P,P,P,P,P,P,P,P,B,B,B,B,B,B,B,B,R,R,R,R,R,R,R,R,R,T,T,T,T,T,T,T,T,T,T,T,T,T,T,T,T,T,T,T,T,T,T,T,T,T,T,T,T,T,T,T,T,T,T,T,T,T,T,T,T,T,T,T,T,B,B,B,B,B,B,B,B,B,B,B,B,P,P,P,P,P,P,P,P,P,P,P,P,P,P,B,B,B,B,B,B,R,R,R,R,R,R,R,R,R,T,T,T,T,T,T,T,T,T,T,T,T,T,T,T,T,T,T,T,T,T,T,T,T,T,T,T,T,T,T,T,T,T,T,T,T,T,T,T,T,T,T,T,T,T,T,T,T,T,T,T,T,T,T,T,T,T,T
P,P,P,P,P,P,P,P,P,P,P,B,B,B,B,B,B,R,R,R,R,R,R,R,R,R,R,T,T,T,T,T,T,T,T,T,T,T,T,T,T,T,T,T,T,T,T,T,T,T,T,T,T,T,T,T,T,T,T,T,T,T,T,T,T,T,T,T,T,T,T,B,B,B,B,B,B,B,B,B,B,B,P,P,P,P,P,P,P,P,P,P,P,P,P,P,P,B,B,B,B,B,B,R,R,R,R,R,R,R,R,R,R,R,T,T,T,T,T,T,T,T,T,T,T,T,T,T,T,T,T,T,T,T,T,T,T,T,T,T,T,T,T,T,T,T,T,T,T,T,T,T,B,B,B,B,B,B,B,B,B,B,B,B,B,B,B,B,P,P,P,P,P,P,P,P,P,P,P,P,P,P,P,B,B,B,B,B,B,R,R,R,R,R,R,R,R,R,T,T,T,T,T,T,T,T,T,T,T,T,T,T,T,T,T,T,T,T,T,T,T,T,T,T,T,T,T,T,T,T,T,T,T,T,T,T,T,T,T,T,T,T,T,T,T,T,T,T,T,T
B,B,B,P,P,P,P,P,P,P,P,P,P,P,P,P,P,B,B,B,B,B,R,R,R,R,R,R,R,R,R,R,R,R,T,T,T,T,T,T,T,T,T,T,T,T,T,T,T,T,T,T,T,T,T,T,T,T,T,T,T,T,T,T,T,T,T,T,T,T,T,T,T,T,T,T,B,B,B,B,B,B,B,B,B,B,B,B,B,B,P,P,P,P,P,P,P,P,P,P,P,P,P,B,B,B,B,B,B,B,B,R,R,R,R,R,R,R,R,R,T,T,T,T,T,T,T,T,T,T,T,T,T,T,T,T,T,T,T,T,T,T,T,T,T,T,T,T,T,T,T,T,T,T,T,T,T,T,T,T,T,T,B,B,B,B,B,B,B,B,B,B,B,B,B,P,P,P,P,P,P,P,P,P,P,P,P,P,P,B,B,B,B,B,B,R,R,R,R,R,R,R,R,R,T,T,T,T,T,T,T,T,T,T,T,T,T,T,T,T,T,T,T,T,T,T,T,T,T,T,T,T,T,T,T,T,T,T,T,T,T,T,T,T,T,T,T,T,T,T
B,B,B,B,B,B,B,B,B,B,B,B,B,B,B,B,B,B,B,B,B,B,B,B,B,B,B,B,B,B,B,B,B,B,B,B,B,B,B,B,B,P,P,P,P,P,P,P,P,P,P,P,P,P,P,P,P,P,P,P,P,P,B,B,B,B,R,R,R,R,R,R,R,R,T,T,T,T,T,T,T,T,T,T,T,T,T,T,T,T,T,T,T,T,T,T,T,T,T,T,T,T,T,T,T,T,T,T,T,T,T,T,T,T,T,T,T,T,T,T,B,B,B,B,B,B,B,B,P,P,P,P,P,P,P,P,P,P,P,P,P,P,P,P,P,P,P,B,B,B,B,R,R,R,R,R,R,R,R,T,T,T,T,T,T,T,T,T,T,T,T,T,T,T,T,T,T,T,T,T,T,T,T,T,T,T,T,T,T,T,T,T,T,T,T,T,T,T,T,T,T,T,T,T,T,T,T,B,B,B,B,B,B,B,B,P,P,P,P,P,P,P,P,P,P,P,P,P,P,P,P,P,P,B,B,B,R,R,R,R,R,R,R,R,R,R,T,T,T,T
T,T,T,T,T,T,T,T,T,T,T,T,T,T,T,T,T,T,T,T,T,T,T,T,T,T,T,T,T,T,T,T,T,T,T,T,T,T,T,T,T,T,T,T,B,B,B,B,B,B,B,P,P,P,P,P,P,P,P,P,P,P,P,P,P,P,P,B,B,B,B,B,R,R,R,R,R,R,R,T,T,T,T,T,T,T,T,T,T,T,T,T,T,T,T,T,T,T,T,T,T,T,T,T,T,T,T,T,T,T,T,T,T,T,T,T,T,T,T,T,T,T,T,T,T,T,B,B,B,B,B,B,B,B,P,P,P,P,P,P,P,P,P,P,P,P,P,P,P,P,P,P,B,B,B,B,R,R,R,R,R,R,R,R,T,T,T,T,T,T,T,T,T,T,T,T,T,T,T,T,T,T,T,T,T,T,T,T,T,T,T,T,T,T,T,T,T,T,T,T,T,T,T,T,T,T,T,T,T,T,B,B,B,B,B,B,B,P,P,P,P,P,P,P,P,P,P,P,P,P,P,P,P,P,P,P,B,B,B,B,R,R,R,R,R,R,R,R,T,T
T,T,T,T,T,T,T,T,T,T,T,T,T,T,T,T,T,T,T,T,T,T,T,T,T,T,T,T,T,T,T,T,T,T,T,T,T,T,T,T,T,T,T,T,B,B,B,B,B,B,B,B,B,P,P,P,P,P,P,P,P,P,P,P,P,P,P,P,P,P,B,B,B,B,B,R,R,R,R,R,R,R,R,T,T,T,T,T,T,T,T,T,T,T,T,T,T,T,T,T,T,T,T,T,T,T,T,T,T,T,T,T,T,T,T,T,T,T,T,T,T,T,T,T,T,T,T,T,T,B,B,B,B,B,B,B,P,P,P,P,P,P,P,P,P,P,P,P,P,P,P,P,P,P,P,B,B,B,B,R,R,R,R,R,R,R,R,T,T,T,T,T,T,T,T,T,T,T,T,T,T,T,T,T,T,T,T,T,T,T,T,T,T,T,T,T,T,T,T,T,T,T,T,T,T,T,T,T,T,T,T,B,B,B,B,B,B,B,B,B,P,P,P,P,P,P,P,P,P,P,P,P,P,P,P,P,P,P,P,B,B,B,R,R,R,R,R,R,R,R
T,T,T,T,T,T,T,T,T,T,T,B,B,B,B,B,B,B,B,B,B,B,B,B,B,B,B,B,B,B,B,B,B,B,B,B,B,B,B,B,B,B,B,B,B,B,B,B,B,B,B,B,B,B,B,B,B,B,B,B,B,B,P,P,P,P,P,P,P,P,P,P,P,B,B,B,B,B,B,B,B,B,R,R,R,R,R,R,R,T,T,T,T,T,T,T,T,T,T,T,T,T,T,T,T,T,T,T,T,T,T,T,T,T,T,T,T,T,T,T,T,T,T,T,T,T,T,T,T,T,T,T,T,B,B,B,B,B,B,B,B,B,B,B,B,B,B,B,B,B,B,B,B,B,B,B,B,B,B,B,B,B,B,B,B,B,B,B,B,B,B,B,B,B,B,B,B,B,P,P,P,P,P,P,P,P,P,P,P,P,P,P,P,P,P,P,P,P,B,B,B,B,B,B,B,R,R,R,R,R,R,R,R,T,T,T,T,T,T,T,T,T,T,T,T,T,T,T,T,T,T,T,T,T,T,T,T,T,T,T,T,T,T,T,T,T,T,T,T,T
T,T,T,T,T,T,T,T,T,T,T,T,T,B,B,B,B,B,B,B,B,B,B,B,B,B,B,B,B,B,B,B,B,B,B,B,B,B,B,B,B,B,B,B,B,B,B,B,B,B,B,B,B,B,B,B,B,B,B,B,P,P,P,P,P,P,P,P,P,P,P,P,P,B,B,B,B,B,B,B,B,R,R,R,R,R,R,R,T,T,T,T,T,T,T,T,T,T,T,T,T,T,T,T,T,T,T,T,T,T,T,T,T,T,T,T,T,T,T,T,T,T,T,T,T,T,T,T,T,T,T,T,T,T,T,T,T,B,B,B,B,B,B,B,B,B,B,B,B,B,B,B,B,B,B,B,B,B,B,B,B,B,B,B,B,B,B,B,B,B,B,B,B,B,B,B,B,B,B,B,B,B,B,B,B,B,P,P,P,P,P,P,P,P,P,P,P,B,B,B,B,B,B,B,B,B,R,R,R,R,R,R,R,T,T,T,T,T,T,T,T,T,T,T,T,T,T,T,T,T,T,T,T,T,T,T,T,T,T,T,T,T,T,T,T,T,T,T,T,T
T,T,T,T,T,T,T,T,T,T,T,B,B,B,B,B,B,B,B,B,B,B,B,B,B,B,B,B,B,B,B,B,B,B,B,B,B,B,B,B,B,B,B,B,B,B,B,B,B,B,B,B,B,B,B,B,B,B,B,B,B,B,B,P,P,P,P,P,P,P,P,P,P,P,B,B,B,B,B,B,B,R,R,R,R,R,R,R,T,T,T,T,T,T,T,T,T,T,T,T,T,T,T,T,T,T,T,T,T,T,T,T,T,T,T,T,T,T,T,T,T,T,T,T,T,T,T,T,T,T,T,T,T,T,B,B,B,B,B,B,B,B,B,B,B,B,B,B,B,B,B,B,B,B,B,B,B,B,B,B,B,B,B,B,B,B,B,B,B,B,B,B,B,B,B,B,B,B,B,B,B,B,B,B,B,P,P,P,P,P,P,P,P,P,P,P,P,P,B,B,B,B,B,B,B,B,B,R,R,R,R,R,R,R,T,T,T,T,T,T,T,T,T,T,T,T,T,T,T,T,T,T,T,T,T,T,T,T,T,T,T,T,T,T,T,T,T,T,T,T
B,B,P,P,P,P,P,P,P,P,P,P,P,P,P,P,P,P,B,B,B,B,B,B,R,R,R,R,R,R,R,T,T,T,T,T,T,T,T,T,T,T,T,T,T,T,T,T,T,T,T,T,T,T,T,T,T,T,T,T,T,T,T,T,B,B,B,B,B,B,B,B,B,B,B,P,P,P,P,P,P,P,P,P,P,P,P,P,P,B,B,B,B,B,B,R,R,R,R,R,R,R,R,T,T,T,T,T,T,T,T,T,T,T,T,T,T,T,T,T,T,T,T,T,T,T,T,T,T,T,T,T,T,T,B,B,B,B,B,B,B,B,B,B,B,B,P,P,P,P,P,P,P,P,P,P,P,P,P,P,P,B,B,B,B,B,B,R,R,R,R,R,R,R,T,T,T,T,T,T,T,T,T,T,T,T,T,T,T,T,T,T,T,T,T,T,T,T,T,T,T,T,T,T,T,T,T,T,B,B,B,B,B,B,B,B,B,B,P,P,P,P,P,P,P,P,P,P,P,P,P,P,P,B,B,B,B,B,B,R,R,R,R,R,R,R,T,T,T,T
T,T,T,T,T,T,T,T,T,T,T,T,T,T,T,T,T,T,T,T,T,T,T,T,T,T,T,T,T,T,B,B,B,B,B,B,B,B,B,B,B,P,P,P,P,P,P,P,P,P,P,P,P,P,B,B,B,B,B,B,B,R,R,R,R,R,R,R,T,T,T,T,T,T,T,T,T,T,T,T,T,T,T,T,T,T,T,T,T,T,T,T,T,T,T,T,T,T,T,T,T,B,B,B,B,B,B,B,B,B,B,B,B,P,P,P,P,P,P,P,P,P,P,P,P,P,B,B,B,B,B,B,B,R,R,R,R,R,R,R,T,T,T,T,T,T,T,T,T,T,T,T,T,T,T,T,T,T,T,T,T,T,T,T,T,T,T,T,T,T,T,T,T,T,B,B,B,B,B,B,B,B,B,B,B,P,P,P,P,P,P,P,P,P,P,P,P,P,B,B,B,B,B,B,R,R,R,R,R,R,R,R,T,T,T,T,T,T,T,T,T,T,T,T,T,T,T,T,T,T,T,T,T,T,T,T,T,T,T,T,T,T,T,T,T,T,T,B,B,B
B,B,B,B,B,P,P,P,P,P,P,P,P,P,P,P,P,P,P,B,B,B,B,B,B,B,B,R,R,R,R,R,R,T,T,T,T,T,T,T,T,T,T,T,T,T,T,T,T,T,T,T,T,T,T,T,T,T,T,T,T,T,T,T,T,B,B,B,B,B,B,B,B,B,B,B,B,B,P,P,P,P,P,P,P,P,P,P,P,P,P,B,B,B,B,B,B,B,B,R,R,R,R,R,R,T,T,T,T,T,T,T,T,T,T,T,T,T,T,T,T,T,T,T,T,T,T,T,T,T,T,T,T,T,T,T,T,T,T,T,T,B,B,B,B,B,B,B,B,B,P,P,P,P,P,P,P,P,P,P,P,P,P,B,B,B,B,B,B,B,R,R,R,R,R,R,R,R,T,T,T,T,T,T,T,T,T,T,T,T,T,T,T,T,T,T,T,T,T,T,T,T,T,T,T,T,T,T,T,T,B,B,B,B,B,B,B,B,B,B,B,P,P,P,P,P,P,P,P,P,P,P,P,P,P,B,B,B,B,B,B,B,B,R,R,R,R,R,R,R
B,B,B,B,B,B,B,B,B,B,B,B,B,B,B,B,B,B,B,B,B,B,B,B,B,B,B,B,B,B,B,B,B,B,B,B,B,B,B,B,P,P,P,P,P,P,P,P,P,P,P,P,P,B,B,B,B,B,R,R,R,R,R,R,R,T,T,T,T,T,T,T,T,T,T,T,T,T,T,T,T,T,T,T,T,T,T,T,T,T,T,T,T,T,T,T,T,T,T,T,T,T,T,T,T,B,B,B,B,B,B,B,B,B,B,B,B,B,B,B,B,B,B,B,B,B,B,B,B,B,B,P,P,P,P,P,P,P,P,P,P,P,B,B,B,B,B,B,B,B,R,R,R,R,R,R,T,T,T,T,T,T,T,T,T,T,T,T,T,T,T,T,T,T,T,T,T,T,T,T,T,T,T,T,T,T,T,B,B,B,B,B,B,B,B,B,B,B,B,B,B,B,B,B,B,B,B,B,B,B,B,B,B,B,B,B,B,B,B,B,B,P,P,P,P,P,P,P,P,P,P,P,P,P,P,B,B,B,B,B,R,R,R,R,R,R,R,T,T,T
B,B,B,B,B,B,B,B,B,B,B,B,B,B,B,B,B,B,B,B,B,B,B,B,B,B,B,B,B,B,B,B,B,B,B,B,B,B,B,B,B,B,B,B,B,B,B,B,B,B,B,B,B,B,B,B,B,B,B,B,B,P,P,P,P,P,P,P,P,P,P,P,P,P,P,P,B,B,B,B,R,R,R,R,R,R,R,T,T,T,T,T,T,T,T,T,T,T,T,T,T,T,T,T,T,T,T,T,T,T,T,T,T,T,T,T,T,T,T,T,T,T,T,T,B,B,B,B,B,B,B,B,B,B,B,B,B,B,B,B,B,B,B,B,B,B,B,B,B,B,B,P,P,P,P,P,P,P,P,P,P,P,P,P,P,P,B,B,B,B,B,R,R,R,R,R,R,R,T,T,T,T,T,T,T,T,T,T,T,T,T,T,T,T,T,T,T,T,T,T,T,T,T,T,T,T,T,T,T,T,T,T,T,T,T,T,B,B,B,B,B,B,B,B,B,B,B,B,B,B,B,B,B,B,B,B,B,B,B,B,B,B,B,P,P,P,P,P,P,P
P,P,P,P,P,P,P,B,B,B,B,B,R,R,R,R,R,R,T,T,T,T,T,T,T,T,T,T,T,T,T,T,T,T,T,T,T,T,T,T,T,T,T,T,T,T,T,T,T,T,T,T,T,T,T,T,B,B,B,B,B,B,B,B,B,B,B,B,B,B,B,B,B,B,B,B,B,B,B,B,B,B,B,P,P,P,P,P,P,P,P,P,P,P,P,P,P,B,B,B,B,B,B,R,R,R,R,R,R,T,T,T,T,T,T,T,T,T,T,T,T,T,T,T,T,T,T,T,T,T,T,T,T,T,T,T,T,T,T,T,T,T,T,T,T,T,T,T,T,T,T,T,T,B,B,B,B,B,B,B,B,B,B,B,B,B,B,B,B,B,B,B,P,P,P,P,P,P,P,P,P,P,P,P,P,P,P,P,P,B,B,B,B,R,R,R,R,R,R,R,T,T,T,T,T,T,T,T,T,T,T,T,T,T,T,T,T,T,T,T,T,T,T,T,T,T,T,T,T,T,T,T,T,T,T,T,T,T,T,T,T,T,T,T,T,T,T,T,T,T
T,T,T,T,T,T,T,T,T,T,T,T,T,T,T,T,T,T,T,T,T,T,T,T,T,T,T,T,T,T,T,T,T,T,T,T,T,B,B,B,B,B,B,B,B,B,B,B,B,B,B,B,B,B,B,B,B,B,B,B,B,B,B,B,B,B,B,B,P,P,P,P,P,P,P,P,P,P,P,P,B,B,B,B,B,R,R,R,R,R,R,R,T,T,T,T,T,T,T,T,T,T,T,T,T,T,T,T,T,T,T,T,T,T,B,B,B,B,B,B,B,B,B,B,B,B,B,B,B,B,B,B,B,B,B,B,B,B,B,B,B,B,B,B,B,B,B,B,B,B,B,B,B,B,P,P,P,P,P,P,P,P,P,P,P,P,P,P,B,B,B,B,R,R,R,R,R,R,R,T,T,T,T,T,T,T,T,T,T,T,T,T,T,T,T,T,T,T,T,T,T,T,T,T,T,T,T,T,T,T,T,T,T,T,T,T,T,T,T,T,T,T,T,B,B,B,B,B,B,B,B,B,B,B,B,B,B,B,B,B,B,B,B,B,B,B,B,B,B,B
B,B,B,B,B,B,B,B,B,B,B,P,P,P,P,P,P,P,P,P,P,P,P,P,P,B,B,B,B,R,R,R,R,R,R,R,T,T,T,T,T,T,T,T,T,T,T,T,T,T,T,T,T,T,T,T,T,T,T,T,T,T,T,T,T,T,T,T,T,T,T,T,T,T,T,T,T,T,T,T,B,B,B,B,B,B,B,B,B,B,B,B,B,B,B,B,B,B,B,B,B,B,B,B,B,B,B,B,B,B,B,B,B,B,B,B,B,B,B,B,B,B,B,B,B,B,B,B,B,P,P,P,P,P,P,P,P,P,P,P,P,P,B,B,B,B,B,R,R,R,R,R,R,R,T,T,T,T,T,T,T,T,T,T,T,T,T,T,T,T,T,T,T,T,T,T,T,T,T,T,T,T,T,T,T,T,T,T,T,T,T,T,T,T,T,T,T,B,B,B,B,B,B,B,B,B,B,B,B,B,B,B,B,B,B,B,B,B,B,B,B,B,B,B,B,B,B,B,B,B,B,B,B,B,B,B,B,B,B,P,P,P,P,P,P,P,P,P,P,P
P,P,P,P,B,B,B,B,B,B,R,R,R,R,R,R,T,T,T,T,T,T,T,T,T,T,T,T,T,T,T,T,T,T,T,T,T,T,T,T,T,T,T,T,T,T,T,T,T,T,T,T,T,T,T,T,T,T,T,T,T,T,T,T,T,T,T,T,T,T,T,T,T,T,T,T,T,B,B,B,B,B,B,B,B,B,B,B,B,B,B,B,B,B,B,P,P,P,P,P,P,P,P,P,P,P,P,P,P,B,B,B,B,R,R,R,R,R,R,R,T,T,T,T,T,T,T,T,T,T,T,T,T,T,T,T,T,T,T,T,T,T,T,T,T,T,T,T,T,T,T,T,T,T,T,T,T,T,T,T,T,T,T,B,B,B,B,B,B,B,B,B,B,B,B,B,B,B,B,B,B,B,B,B,B,B,B,B,B,B,B,B,B,B,B,B,B,B,B,B,B,B,B,B,B,B,B,B,B,B,B,P,P,P,P,P,P,P,P,P,P,P,P,B,B,B,B,B,B,R,R,R,R,R,R,T,T,T,T,T,T,T,T,T,T,T,T,T,T,T
B,B,B,P,P,P,P,P,P,P,P,P,P,P,P,B,B,B,B,B,R,R,R,R,R,R,R,R,R,T,T,T,T,T,T,T,T,T,T,T,T,T,T,T,T,T,T,T,T,T,T,T,T,T,T,T,T,T,T,T,T,T,T,T,T,T,T,T,T,T,B,B,B,B,B,B,B,B,B,B,B,B,B,B,B,B,B,B,B,B,B,B,B,B,B,B,B,B,B,B,B,B,B,B,B,B,P,P,P,P,P,P,P,P,P,P,P,P,P,P,P,P,B,B,B,R,R,R,R,R,R,R,R,T,T,T,T,T,T,T,T,T,T,T,T,T,T,T,T,T,T,T,T,T,T,T,T,T,T,T,T,T,T,T,T,T,T,T,T,T,T,T,T,T,B,B,B,B,B,B,B,B,B,B,B,B,B,B,B,B,B,B,B,B,B,B,B,B,B,B,B,B,B,B,B,B,B,B,B,B,P,P,P,P,P,P,P,P,P,P,P,P,P,P,P,P,P,B,B,R,R,R,R,R,R,R,R,R,R,T,T,T,T,T,T,T,T,T,T,T
T,T,T,T,T,T,T,T,T,T,T,T,T,T,T,T,T,T,T,T,T,T,T,T,T,T,T,B,B,B,B,B,B,B,B,B,B,B,B,B,B,B,B,B,B,B,B,B,B,B,B,B,B,B,B,B,B,B,B,B,B,B,B,P,P,P,P,P,P,P,P,P,P,P,P,P,P,P,P,P,P,B,B,B,R,R,R,R,R,R,R,T,T,T,T,T,T,T,T,T,T,T,T,T,T,T,T,T,T,T,T,T,T,T,T,T,T,T,T,T,T,T,T,T,T,T,T,T,T,T,T,B,B,B,B,B,B,B,B,B,B,B,B,B,B,B,B,B,B,B,B,B,B,B,B,B,B,B,B,B,B,B,B,B,B,B,B,B,B,B,B,P,P,P,P,P,P,P,P,P,P,P,P,P,B,B,B,R,R,R,R,R,R,R,R,R,T,T,T,T,T,T,T,T,T,T,T,T,T,T,T,T,T,T,T,T,T,T,T,T,T,T,T,T,T,T,T,T,T,T,T,T,T,T,T,T,B,B,B,B,B,B,B,B,B,B,B,B,B,B
B,B,B,B,B,B,B,B,B,B,B,B,B,B,B,B,B,B,B,B,B,B,B,B,P,P,P,P,P,P,P,P,P,P,P,P,P,P,P,P,B,B,B,R,R,R,R,R,R,T,T,T,T,T,T,T,T,T,T,T,T,T,T,T,T,T,T,T,T,T,T,T,T,T,T,T,T,T,T,T,T,T,T,T,T,T,T,T,T,T,T,B,B,B,B,B,B,B,B,B,B,B,B,B,B,B,B,B,B,B,B,B,B,B,B,B,B,B,B,B,B,B,B,B,B,B,B,B,P,P,P,P,P,P,P,P,P,P,P,P,P,P,P,B,B,B,R,R,R,R,R,R,R,R,T,T,T,T,T,T,T,T,T,T,T,T,T,T,T,T,T,T,T,T,T,T,T,T,T,T,T,T,T,T,T,T,T,T,T,T,T,T,T,B,B,B,B,B,B,B,B,B,B,B,B,B,B,B,B,B,B,B,B,B,B,B,B,B,B,B,B,B,B,B,B,B,B,B,B,B,B,B,P,P,P,P,P,P,P,P,P,P,P,P,P,P,P,P,P,P
B,B,B,B,B,B,B,B,B,B,B,P,P,P,P,P,P,P,P,P,P,B,B,B,B,B,B,B,B,R,R,R,R,T,T,T,T,T,T,T,T,T,T,T,T,T,T,T,T,T,T,T,T,T,T,T,T,T,T,T,T,T,T,T,T,T,T,T,T,T,T,B,B,B,B,B,B,B,B,B,B,B,B,B,B,B,B,B,B,B,P,P,P,P,P,P,P,P,P,P,P,P,B,B,B,B,B,R,R,R,R,R,R,T,T,T,T,T,T,T,T,T,T,T,T,T,T,T,T,T,T,T,T,T,T,T,T,T,T,T,T,T,T,T,T,T,T,T,T,T,T,B,B,B,B,B,B,B,B,B,B,B,B,B,B,B,B,B,B,B,B,B,B,B,P,P,P,P,P,P,P,P,P,P,P,B,B,B,B,B,B,B,R,R,R,R,R,R,T,T,T,T,T,T,T,T,T,T,T,T,T,T,T,T,T,T,T,T,T,T,T,T,T,T,T,T,T,T,T,T,T,T,T,T,T,B,B,B,B,B,B,B,B,B,B,B,B,B,B,B
B,B,B,B,B,B,P,P,P,P,P,P,P,P,P,P,P,B,B,B,B,B,B,R,R,R,R,R,R,R,T,T,T,T,T,T,T,T,T,T,T,T,T,T,T,T,T,T,T,T,T,T,T,T,T,T,T,T,T,T,T,T,T,T,T,T,T,B,B,B,B,B,B,B,B,B,B,B,B,B,B,B,B,B,B,B,B,B,B,P,P,P,P,P,P,P,P,P,P,P,B,B,B,B,B,B,R,R,R,R,R,R,R,R,T,T,T,T,T,T,T,T,T,T,T,T,T,T,T,T,T,T,T,T,T,T,T,T,T,T,T,T,T,T,T,T,T,T,T,T,T,T,T,B,B,B,B,B,B,B,B,B,B,B,B,B,B,B,B,B,B,B,B,B,P,P,P,P,P,P,P,P,P,P,P,P,B,B,B,B,B,B,B,B,R,R,R,R,R,T,T,T,T,T,T,T,T,T,T,T,T,T,T,T,T,T,T,T,T,T,T,T,T,T,T,T,T,T,T,T,T,T,T,T,T,T,T,T,B,B,B,B,B,B,B,B,B,B,B,B
B,B,B,B,B,B,B,B,B,B,P,P,P,P,P,P,P,P,P,P,B,B,B,B,B,B,R,R,R,R,R,R,R,R,T,T,T,T,T,T,T,T,T,T,T,T,T,T,T,T,T,T,T,T,T,T,T,T,T,T,T,T,T,T,T,T,T,T,T,T,B,B,B,B,B,B,B,B,B,B,B,B,B,B,B,B,B,B,B,B,B,B,B,B,B,B,B,B,P,P,P,P,P,P,P,P,P,B,B,B,B,B,B,B,B,R,R,R,R,R,T,T,T,T,T,T,T,T,T,T,T,T,T,T,T,T,T,T,T,T,T,T,T,T,T,T,T,T,T,T,T,T,T,T,T,T,T,B,B,B,B,B,B,B,B,B,B,B,B,B,B,B,B,B,B,B,B,B,B,B,P,P,P,P,P,P,P,P,P,P,P,B,B,B,B,B,B,R,R,R,R,R,R,R,R,T,T,T,T,T,T,T,T,T,T,T,T,T,T,T,T,T,T,T,T,T,T,T,T,T,T,T,T,T,T,T,T,T,T,T,T,T,B,B,B,B,B,B,B,B
P,P,P,P,P,P,P,P,P,B,B,B,B,B,B,R,R,R,R,R,R,R,R,R,R,R,T,T,T,T,T,T,T,T,T,T,T,T,T,T,T,T,T,T,T,T,T,T,T,T,T,T,T,T,T,T,T,T,T,T,T,T,T,T,T,T,T,T,T,B,B,B,B,B,B,B,B,B,B,B,B,B,B,B,B,B,B,B,B,B,B,B,B,B,B,B,B,B,B,P,P,P,P,P,P,P,P,P,P,P,P,P,P,B,B,B,B,R,R,R,R,R,R,R,R,R,R,R,R,R,T,T,T,T,T,T,T,T,T,T,T,T,T,T,T,T,T,T,T,T,T,T,T,T,T,T,T,T,T,T,T,T,T,T,T,T,T,T,T,T,T,T,T,T,B,B,B,B,B,B,B,B,B,B,B,B,B,B,B,B,B,B,B,B,B,B,B,P,P,P,P,P,P,P,P,P,P,P,P,P,P,P,B,B,B,B,R,R,R,R,R,R,R,R,R,R,R,R,T,T,T,T,T,T,T,T,T,T,T,T,T,T,T,T,T,T,T,T,T,T
T,T,T,T,T,T,T,T,T,T,T,T,T,T,T,T,T,T,T,T,T,B,B,B,B,B,B,B,B,B,B,B,B,B,B,B,B,B,B,B,B,B,B,B,B,B,B,B,B,B,B,B,B,B,B,B,B,P,P,P,P,P,P,P,P,P,P,P,P,P,P,B,B,B,B,R,R,R,R,R,R,R,R,R,R,R,R,T,T,T,T,T,T,T,T,T,T,T,T,T,T,T,T,T,T,B,B,B,B,B,B,B,B,B,B,B,B,B,B,B,B,B,B,B,B,B,B,B,B,B,B,B,B,B,B,B,P,P,P,P,P,P,P,P,P,P,P,P,P,P,P,B,B,B,B,R,R,R,R,R,R,R,R,R,R,R,R,T,T,T,T,T,T,T,T,T,T,T,T,T,T,T,T,T,T,T,T,T,T,T,T,T,T,T,T,T,T,T,T,T,T,T,T,T,T,T,T,T,T,T,T,B,B,B,B,B,B,B,B,B,B,B,B,B,B,B,B,B,B,B,B,B,B,B,B,B,B,B,B,B,B,P,P,P,P,P,P,P,P,P
P,P,P,P,P,B,B,B,B,R,R,R,R,R,R,R,R,R,R,R,R,R,T,T,T,T,T,T,T,T,T,T,T,T,T,T,T,T,T,T,T,T,T,T,T,T,T,T,T,T,T,T,T,T,T,T,T,T,T,T,T,T,T,T,B,B,B,B,B,B,B,B,B,B,B,B,B,B,B,B,B,B,B,B,B,B,B,B,B,B,B,B,B,B,B,B,B,P,P,P,P,P,P,P,P,P,P,P,P,P,P,P,B,B,B,R,R,R,R,R,R,R,R,R,R,R,R,T,T,T,T,T,T,T,T,T,T,T,T,T,T,T,T,T,T,T,T,T,T,T,T,T,T,T,T,T,T,T,T,T,T,T,T,T,T,T,T,T,T,B,B,B,B,B,B,B,B,B,B,B,B,B,B,B,B,B,B,B,B,B,B,B,B,B,B,B,B,B,B,B,B,P,P,P,P,P,P,P,P,P,P,P,P,P,P,B,B,B,B,R,R,R,R,R,R,R,R,R,R,R,R,R,T,T,T,T,T,T,T,T,T,T,T,T,T,T,T,T,T,T
T,T,T,T,T,T,T,T,T,T,T,T,T,T,T,T,T,T,T,T,T,T,T,T,T,T,T,T,B,B,B,B,B,B,B,B,B,B,B,B,B,B,B,B,B,B,B,B,P,P,P,P,P,P,P,P,P,P,P,P,B,B,B,B,B,B,B,B,R,R,R,R,R,R,R,R,R,R,R,T,T,T,T,T,T,T,T,T,T,T,T,T,T,T,T,T,T,T,T,T,T,T,T,T,T,T,T,T,T,T,T,B,B,B,B,B,B,B,B,B,B,B,B,B,B,B,B,B,B,B,B,P,P,P,P,P,P,P,P,P,P,P,P,P,P,P,B,B,B,B,B,R,R,R,R,R,R,R,R,R,R,R,T,T,T,T,T,T,T,T,T,T,T,T,T,T,T,T,T,T,T,T,T,T,T,T,T,T,T,T,T,T,T,T,T,B,B,B,B,B,B,B,B,B,B,B,B,B,B,B,B,B,B,B,P,P,P,P,P,P,P,P,P,P,P,P,P,P,B,B,B,B,B,B,B,R,R,R,R,R,R,R,R,R,R,R,T,T,T,T
T,T,T,T,T,T,T,T,T,T,T,T,T,T,T,T,T,T,T,T,T,T,T,T,T,B,B,B,B,B,B,B,B,B,B,B,B,B,B,B,B,B,B,B,B,B,B,B,P,P,P,P,P,P,P,P,P,P,P,P,P,P,B,B,B,B,B,R,R,R,R,R,R,R,R,R,R,R,T,T,T,T,T,T,T,T,T,T,T,T,T,T,T,T,T,T,T,T,T,T,T,T,T,T,T,T,T,B,B,B,B,B,B,B,B,B,B,B,B,B,B,B,B,B,B,B,B,B,P,P,P,P,P,P,P,P,P,P,P,P,P,P,P,P,B,B,B,B,B,B,R,R,R,R,R,R,R,R,R,R,R,T,T,T,T,T,T,T,T,T,T,T,T,T,T,T,T,T,T,T,T,T,T,T,T,T,T,T,T,T,T,T,B,B,B,B,B,B,B,B,B,B,B,B,B,B,B,B,B,B,B,P,P,P,P,P,P,P,P,P,P,P,P,P,P,P,B,B,B,B,B,R,R,R,R,R,R,R,R,R,R,R,R,R,T,T,T,T,T,T
T,T,T,T,T,T,T,T,T,T,T,T,T,T,T,T,T,T,T,T,T,T,T,T,T,T,T,T,B,B,B,B,B,B,B,B,B,B,B,B,B,B,B,B,P,P,P,P,P,P,P,P,P,P,P,P,P,B,B,B,B,B,B,B,R,R,R,R,R,R,R,R,R,R,R,T,T,T,T,T,T,T,T,T,T,T,T,T,T,T,T,T,T,T,T,T,T,T,T,T,T,T,T,T,T,T,B,B,B,B,B,B,B,B,B,B,B,B,B,B,B,B,B,B,B,B,P,P,P,P,P,P,P,P,P,P,P,P,P,P,P,B,B,B,B,B,R,R,R,R,R,R,R,R,R,R,T,T,T,T,T,T,T,T,T,T,T,T,T,T,T,T,T,T,T,T,T,T,T,T,T,T,T,T,T,T,T,T,B,B,B,B,B,B,B,B,B,B,B,B,B,B,B,B,B,B,B,P,P,P,P,P,P,P,P,P,P,P,P,P,P,P,B,B,B,B,B,B,R,R,R,R,R,R,R,R,R,R,R,T,T,T,T,T,T,T,T,T,T,T
P,P,P,B,B,B,B,B,R,R,R,R,R,R,R,T,T,T,T,T,T,T,T,T,T,T,T,T,T,T,T,T,T,T,T,T,T,T,T,T,T,T,T,T,T,T,T,T,T,T,B,B,B,B,B,B,B,B,B,B,B,B,B,B,B,B,B,B,P,P,P,P,P,P,P,P,P,P,P,P,B,B,B,B,B,B,B,R,R,R,R,R,R,T,T,T,T,T,T,T,T,T,T,T,T,T,T,T,T,T,T,T,T,T,T,T,T,T,T,T,T,T,T,T,T,T,T,T,T,B,B,B,B,B,B,B,B,B,B,B,B,B,B,B,B,B,B,B,P,P,P,P,P,P,P,P,P,P,P,P,B,B,B,B,B,B,R,R,R,R,R,R,R,T,T,T,T,T,T,T,T,T,T,T,T,T,T,T,T,T,T,T,T,T,T,T,T,T,T,T,T,T,T,T,T,T,T,T,T,T,B,B,B,B,B,B,B,B,B,B,B,B,B,B,B,B,P,P,P,P,P,P,P,P,P,P,P,P,P,B,B,B,B,B,B,B,R,R,R,R
T,T,T,B,B,B,B,B,B,B,B,B,B,B,B,B,B,B,B,B,B,B,B,B,B,B,B,B,B,B,B,B,B,B,B,B,B,B,P,P,P,P,P,P,P,P,P,P,P,P,P,P,P,P,P,B,B,B,B,B,B,B,B,B,B,B,B,B,R,R,R,R,R,T,T,T,T,T,T,T,T,B,B,B,B,B,B,B,B,B,B,B,B,B,B,B,B,B,B,B,B,B,B,B,B,B,B,B,B,B,B,B,B,B,B,B,B,P,P,P,P,P,P,P,P,P,P,P,P,P,P,P,P,P,P,B,B,B,B,B,B,B,B,B,B,B,B,B,R,R,R,R,R,R,T,T,T,T,T,T,T,B,B,B,B,B,B,B,B,B,B,B,B,B,B,B,B,B,B,B,B,B,B,B,B,B,B,B,B,B,B,B,B,B,B,P,P,P,P,P,P,P,P,P,P,P,P,P,P,P,P,P,P,P,B,B,B,B,B,B,B,B,B,B,B,B,R,R,R,R,R,R,T,T,T,T,T,T,T,T,T,T,T,T,T,T,T,T,T,T
T,T,T,T,T,T,T,T,T,T,T,T,T,T,T,T,T,T,T,T,T,T,T,T,T,T,T,B,B,B,B,B,B,B,B,B,B,B,B,B,B,B,B,P,P,P,P,P,P,P,P,P,P,P,P,P,B,B,B,B,B,R,R,R,R,R,R,R,T,T,T,T,T,T,T,T,T,T,T,T,T,T,T,T,T,T,T,T,T,T,T,T,T,T,T,T,T,T,T,T,T,T,T,T,B,B,B,B,B,B,B,B,B,B,B,B,B,B,B,B,B,B,P,P,P,P,P,P,P,P,P,P,P,P,B,B,B,B,B,B,B,R,R,R,R,R,R,R,T,T,T,T,T,T,T,T,T,T,T,T,T,T,T,T,T,T,T,T,T,T,T,T,T,T,T,T,T,T,T,T,T,T,B,B,B,B,B,B,B,B,B,B,B,B,B,B,B,B,B,B,B,P,P,P,P,P,P,P,P,P,P,P,P,P,B,B,B,B,B,B,B,R,R,R,R,R,R,T,T,T,T,T,T,T,T,T,T,T,T,T,T,T,T,T,T,T,T,T,T,T
B,B,B,B,B,B,B,P,P,P,P,P,P,P,P,P,P,P,P,P,B,B,B,B,B,B,R,R,R,R,R,R,R,T,T,T,T,T,T,T,T,T,T,T,T,T,T,T,T,T,T,T,T,T,T,T,T,T,T,T,T,T,T,T,T,T,B,B,B,B,B,B,B,B,B,B,B,B,B,B,B,B,P,P,P,P,P,P,P,P,P,P,P,B,B,B,B,B,B,R,R,R,R,R,R,R,R,T,T,T,T,T,T,T,T,T,T,T,T,T,T,T,T,T,T,T,T,T,T,T,T,T,T,T,T,T,T,T,T,T,T,B,B,B,B,B,B,B,B,B,B,B,B,B,B,P,P,P,P,P,P,P,P,P,P,P,P,B,B,B,B,B,B,R,R,R,R,R,R,R,R,T,T,T,T,T,T,T,T,T,T,T,T,T,T,T,T,T,T,T,T,T,T,T,T,T,T,T,T,T,T,T,T,T,B,B,B,B,B,B,B,B,B,B,B,B,B,B,B,P,P,P,P,P,P,P,P,P,P,P,P,P,B,B,B,B,B,B,R,R
R,R,R,R,T,T,T,T,T,T,T,T,T,T,T,T,T,T,T,T,T,T,T,T,T,T,T,T,T,T,T,T,T,T,T,T,T,T,B,B,B,B,B,B,B,B,B,B,B,B,B,B,P,P,P,P,P,P,P,P,P,P,P,P,P,B,B,B,B,B,B,R,R,R,R,R,R,R,T,T,T,T,T,T,T,T,T,T,T,T,T,T,T,T,T,T,T,T,T,T,T,T,T,T,T,T,T,T,T,T,T,T,T,B,B,B,B,B,B,B,B,B,B,B,B,P,P,P,P,P,P,P,P,P,P,P,P,B,B,B,B,B,B,R,R,R,R,R,R,R,R,T,T,T,T,T,T,T,T,T,T,T,T,T,T,T,T,T,T,T,T,T,T,T,T,T,T,T,T,T,T,T,T,T,B,B,B,B,B,B,B,B,B,B,B,B,B,B,B,B,P,P,P,P,P,P,P,P,P,P,P,B,B,B,B,B,B,R,R,R,R,R,R,R,R,T,T,T,T,T,T,T,T,T,T,T,T,T,T,T,T,T,T,T,T,T,T,T,T,T
T,T,T,T,T,T,T,T,T,T,B,B,B,B,B,B,B,B,B,B,B,B,P,P,P,P,P,P,P,P,P,P,P,P,B,B,B,B,B,B,B,R,R,R,R,R,R,R,T,T,T,T,T,T,T,T,T,T,T,T,T,T,T,T,T,T,T,T,T,T,T,T,T,T,T,T,T,T,T,T,T,T,B,B,B,B,B,B,B,B,B,B,B,B,B,B,P,P,P,P,P,P,P,P,P,P,P,P,P,B,B,B,B,B,R,R,R,R,R,R,R,R,T,T,T,T,T,T,T,T,T,T,T,T,T,T,T,T,T,T,T,T,T,T,T,T,T,T,T,T,T,T,T,T,T,T,B,B,B,B,B,B,B,B,B,B,B,B,B,P,P,P,P,P,P,P,P,P,P,P,P,P,B,B,B,B,B,B,R,R,R,R,R,R,R,R,T,T,T,T,T,T,T,T,T,T,T,T,T,T,T,T,T,T,T,T,T,T,T,T,T,T,T,T,T,T,T,T,T,T,B,B,B,B,B,B,B,B,B,B,B,B,B,B,B,B,B,B,B,B
T,T,T,T,T,T,T,T,T,T,T,T,T,T,T,T,T,T,T,T,B,B,B,B,B,B,B,B,B,B,B,B,B,P,P,P,P,P,P,P,P,P,P,P,B,B,B,B,B,B,B,R,R,R,R,R,R,R,R,T,T,T,T,T,T,T,T,T,T,T,T,T,T,T,T,T,T,T,T,T,T,T,T,T,T,T,T,T,T,T,T,T,T,B,B,B,B,B,B,B,B,B,B,B,B,B,B,B,P,P,P,P,P,P,P,P,P,P,P,B,B,B,B,B,B,R,R,R,R,R,R,R,R,R,T,T,T,T,T,T,T,T,T,T,T,T,T,T,T,T,T,T,T,T,T,T,T,T,T,T,T,T,T,T,T,T,T,T,B,B,B,B,B,B,B,B,B,B,B,B,B,B,P,P,P,P,P,P,P,P,P,P,P,P,P,B,B,B,B,B,B,R,R,R,R,R,R,R,R,R,T,T,T,T,T,T,T,T,T,T,T,T,T,T,T,T,T,T,T,T,T,T,T,T,T,T,T,T,T,T,T,T,T,T,T,B,B,B,B,B
B,B,B,B,B,B,B,P,P,P,P,P,P,P,P,P,P,P,P,P,B,B,B,B,B,B,B,R,R,R,R,R,R,R,T,T,T,T,T,T,T,T,T,T,T,T,T,T,T,T,T,T,T,T,T,T,T,T,T,T,T,T,T,T,T,T,T,T,T,B,B,B,B,B,B,B,B,B,B,B,B,B,B,B,P,P,P,P,P,P,P,P,P,P,P,B,B,B,B,B,B,B,R,R,R,R,R,R,R,R,R,T,T,T,T,T,T,T,T,T,T,T,T,T,T,T,T,T,T,T,T,T,T,T,T,T,T,T,T,T,T,T,T,T,B,B,B,B,B,B,B,B,B,B,B,B,B,B,B,B,P,P,P,P,P,P,P,P,P,P,P,P,P,P,B,B,B,B,B,R,R,R,R,R,R,R,R,T,T,T,T,T,T,T,T,T,T,T,T,T,T,T,T,T,T,T,T,T,T,T,T,T,T,T,T,T,T,T,T,T,T,B,B,B,B,B,B,B,B,B,B,B,B,B,B,B,P,P,P,P,P,P,P,P,P,P,P,P,P,P
B,B,B,B,B,B,B,B,B,B,B,B,B,B,B,B,B,B,B,B,B,B,B,B,B,B,B,P,P,P,P,P,P,P,P,P,P,P,P,P,B,B,B,R,R,R,R,R,R,R,T,T,T,T,T,T,T,T,T,T,T,T,T,T,T,T,T,T,T,T,T,T,T,T,T,T,T,T,T,T,T,T,T,T,T,T,T,T,T,T,T,T,T,T,T,T,B,B,B,B,B,B,B,B,B,B,B,B,B,B,B,B,B,B,B,B,B,B,B,B,B,B,B,B,B,B,B,B,B,B,B,B,B,B,B,B,B,B,B,B,B,P,P,P,P,P,P,P,P,P,P,P,P,B,B,R,R,R,R,R,R,R,R,T,T,T,T,T,T,T,T,T,T,T,T,T,T,T,T,T,T,T,T,T,T,T,T,T,T,T,T,T,T,T,T,T,T,T,T,T,T,T,T,T,T,B,B,B,B,B,B,B,B,B,B,B,B,B,B,B,B,B,B,B,B,B,B,B,B,B,B,B,B,B,B,B,B,B,B,B,B,B,B,B,B,B,B,B,B,B
P,P,P,P,P,P,P,P,P,P,P,B,B,B,R,R,R,R,R,R,R,T,T,T,T,T,T,T,T,T,T,T,T,T,T,T,T,T,T,T,T,T,T,T,T,T,T,T,T,T,T,T,T,T,T,T,T,T,T,T,T,T,T,T,T,B,B,B,B,B,B,B,B,B,B,B,B,B,B,B,B,B,B,B,B,B,B,B,B,B,B,B,B,B,B,B,B,B,B,B,B,B,B,B,P,P,P,P,P,P,P,P,P,P,P,P,B,B,R,R,R,R,R,R,R,T,T,T,T,T,T,T,T,T,T,T,T,T,T,T,T,T,T,T,T,T,T,T,T,T,T,T,T,T,T,T,T,T,T,T,T,T,T,T,T,T,T,T,B,B,B,B,B,B,B,B,B,B,B,B,B,B,B,B,B,B,B,B,B,B,B,B,B,B,B,B,B,B,B,B,B,B,B,B,P,P,P,P,P,P,P,P,P,P,P,P,B,R,R,R,R,R,R,R,R,T,T,T,T,T,T,T,T,T,T,T,T,T,T,T,T,T,T,T,T,T,T,T,T,T
T,T,T,T,T,T,T,T,T,T,T,T,T,T,T,T,T,T,B,B,B,B,B,B,B,B,B,B,B,B,B,B,B,B,B,B,B,B,B,B,B,B,B,B,B,B,B,B,B,B,B,B,B,B,B,B,B,B,B,B,B,P,P,P,P,P,P,P,P,P,P,P,P,B,B,B,R,R,R,R,R,R,R,T,T,T,T,T,T,T,T,T,T,T,T,T,T,T,T,T,T,T,T,T,T,T,T,T,T,T,T,T,T,T,T,T,T,T,T,T,T,T,T,T,T,T,T,T,B,B,B,B,B,B,B,B,B,B,B,B,B,B,B,B,B,B,B,B,B,B,B,B,B,B,B,B,B,B,B,B,B,B,B,B,B,B,B,B,B,B,B,B,B,B,B,B,P,P,P,P,P,P,P,P,P,P,P,P,B,B,B,R,R,R,R,R,R,R,R,T,T,T,T,T,T,T,T,T,T,T,T,T,T,T,T,T,T,T,T,T,T,T,T,T,T,T,T,T,T,T,T,T,T,T,T,T,T,T,T,T,T,T,T,T,T,B,B,B,B,B
T,T,T,T,T,T,T,T,T,T,T,T,T,T,T,T,T,T,T,T,T,T,B,B,B,B,B,B,B,B,B,B,B,B,B,B,B,B,B,P,P,P,P,P,P,P,P,P,P,B,B,B,B,B,B,B,B,B,B,B,B,B,R,R,R,R,R,R,R,R,R,R,T,T,T,T,T,T,T,T,T,T,T,T,T,T,T,T,T,T,T,T,T,T,T,T,T,T,T,T,T,T,T,B,B,B,B,B,B,B,B,B,B,B,B,B,B,B,B,B,P,P,P,P,P,P,P,P,P,P,B,B,B,B,B,B,B,B,B,B,B,B,B,R,R,R,R,R,R,R,R,R,R,R,R,T,T,T,T,T,T,T,T,T,T,T,T,T,T,T,T,T,T,T,T,T,T,T,T,T,T,T,T,T,T,B,B,B,B,B,B,B,B,B,B,B,B,B,B,B,B,B,B,P,P,P,P,P,P,P,P,P,P,B,B,B,B,B,B,B,B,B,B,B,B,B,R,R,R,R,R,R,R,R,R,T,T,T,T,T,T,T,T,T,T,T,T,T,T,T
T,T,T,T,T,T,T,T,T,T,T,T,T,T,T,T,T,T,B,B,B,B,B,B,B,B,B,B,B,B,B,B,B,B,P,P,P,P,P,P,P,P,P,P,P,B,B,B,B,B,B,B,B,B,B,B,B,B,R,R,R,R,R,R,R,R,R,T,T,T,T,T,T,T,T,T,T,T,T,T,T,T,T,T,T,T,T,T,T,T,T,T,T,T,T,T,T,T,T,T,B,B,B,B,B,B,B,B,B,B,B,B,B,B,B,B,B,B,P,P,P,P,P,P,P,P,P,P,B,B,B,B,B,B,B,B,B,B,B,B,B,R,R,R,R,R,R,R,R,R,T,T,T,T,T,T,T,T,T,T,T,T,T,T,T,T,T,T,T,T,T,T,T,T,T,T,T,T,T,T,B,B,B,B,B,B,B,B,B,B,B,B,B,B,B,B,B,B,B,B,P,P,P,P,P,P,P,P,B,B,B,B,B,B,B,B,B,B,B,B,B,B,B,B,R,R,R,R,R,R,R,R,T,T,T,T,T,T,T,T,T,T,T,T,T,T,T,T,T,T
T,T,T,T,T,T,T,T,T,T,T,T,T,T,T,T,T,B,B,B,B,B,B,B,B,B,B,B,B,B,B,B,P,P,P,P,P,P,P,P,P,P,B,B,B,B,B,B,B,B,B,B,B,B,B,R,R,R,R,R,R,R,R,R,R,R,R,T,T,T,T,T,T,T,T,T,T,T,T,T,T,T,T,T,T,T,T,T,T,T,T,T,T,T,T,T,T,T,T,B,B,B,B,B,B,B,B,B,B,B,B,B,B,P,P,P,P,P,P,P,P,P,P,P,P,P,P,P,P,P,P,P,P,P,P,P,P,P,B,B,B,B,B,B,B,B,R,R,R,R,R,R,R,R,R,R,R,R,R,R,R,R,R,R,R,R,R,R,R,R,R,R,R,R,R,R,R,R,R,R,R,T,T,T,T,T,T,T,T,T,T,T,T,T,T,T,T,B,B,B,B,B,B,B,B,B,B,P,P,P,P,P,P,P,P,P,P,P,P,P,P,B,B,B,B,B,B,B,B,B,R,R,R,R,R,R,R,R,R,R,R,R,R,R,R,R,R,R,R,R
T,T,T,T,T,T,T,T,B,B,B,B,B,B,B,B,B,B,B,B,B,B,B,B,B,B,B,B,B,B,B,B,P,P,P,P,P,P,P,P,P,P,P,P,P,P,P,P,P,B,B,B,B,B,R,R,R,R,R,R,R,R,T,T,T,T,T,T,T,T,T,T,T,T,T,T,T,T,T,T,T,T,T,T,T,T,T,T,T,T,T,T,T,T,T,T,T,T,T,B,B,B,B,B,B,B,B,B,B,B,B,B,B,B,B,B,B,B,B,B,B,B,B,P,P,P,P,P,P,P,P,P,P,P,P,P,P,B,B,B,B,B,B,B,R,R,R,R,R,R,R,R,R,T,T,T,T,T,T,T,T,T,T,T,T,T,T,T,T,T,T,T,T,T,T,T,T,T,T,T,T,T,T,T,T,T,T,T,T,B,B,B,B,B,B,B,B,B,B,B,B,B,B,B,B,B,B,B,B,B,B,B,P,P,P,P,P,P,P,P,P,P,P,P,P,P,P,B,B,B,B,B,B,B,R,R,R,R,R,R,R,R,R,T,T,T,T,T,T,T
T,T,T,T,T,T,T,T,T,T,T,T,T,T,T,T,T,T,T,T,T,T,T,T,T,T,T,T,T,B,B,B,B,B,B,B,B,B,B,B,B,B,B,B,B,B,B,B,B,B,B,B,P,P,P,P,P,P,P,P,P,P,P,P,P,P,P,B,B,B,B,B,B,B,R,R,R,R,R,R,R,R,T,T,T,T,T,T,T,T,T,T,T,T,T,T,T,T,T,T,T,T,T,T,T,T,T,T,T,T,T,T,T,T,T,T,T,T,B,B,B,B,B,B,B,B,B,B,B,B,B,B,B,B,B,B,B,B,B,B,B,P,P,P,P,P,P,P,P,P,P,P,P,P,P,P,B,B,B,B,B,B,R,R,R,R,R,R,R,R,R,T,T,T,T,T,T,T,T,T,T,T,T,T,T,T,T,T,T,T,T,T,T,T,T,T,T,T,T,T,T,T,T,T,T,T,T,T,T,B,B,B,B,B,B,B,B,B,B,B,B,B,B,B,B,B,B,B,B,B,P,P,P,P,P,P,P,P,P,P,P,P,P,P,P,P,P,P,P,P
B,B,R,R,R,R,R,R,R,R,R,T,T,T,T,T,T,T,T,T,T,T,T,T,T,T,T,T,T,T,T,T,T,T,T,T,T,T,T,T,T,T,T,T,T,T,B,B,B,B,B,B,B,B,B,B,B,B,B,B,B,B,B,B,B,B,B,B,B,B,P,P,P,P,P,P,P,P,P,P,P,P,P,P,P,B,B,B,B,B,B,B,R,R,R,R,R,R,R,R,T,T,T,T,T,T,T,T,T,T,T,T,T,T,T,T,T,T,T,T,T,T,T,T,T,T,T,T,T,T,T,T,T,T,T,B,B,B,B,B,B,B,B,B,B,B,B,B,B,B,B,B,B,B,B,B,B,B,P,P,P,P,P,P,P,P,P,P,P,P,P,P,P,P,B,B,B,B,B,R,R,R,R,R,R,R,R,R,R,T,T,T,T,T,T,T,T,T,T,T,T,T,T,T,T,T,T,T,T,T,T,T,T,T,T,T,T,T,T,T,T,T,T,T,T,T,B,B,B,B,B,B,B,B,B,B,B,B,B,B,B,B,B,B,B,B,B,B,B,B
T,T,T,T,T,T,T,T,T,T,T,T,T,T,T,T,T,T,T,T,T,T,T,T,T,T,T,T,T,T,T,T,T,T,T,T,T,T,T,B,B,B,B,B,B,B,B,B,B,B,B,B,B,B,B,B,B,B,B,B,P,P,P,P,P,P,P,P,P,P,P,P,P,P,B,B,B,B,B,B,R,R,R,R,R,R,R,R,T,T,T,T,T,T,T,T,T,T,T,T,T,T,T,T,T,T,T,T,T,T,T,T,T,T,T,T,T,T,T,T,T,T,T,T,T,T,T,B,B,B,B,B,B,B,B,B,B,B,B,B,B,B,B,B,B,B,B,B,B,P,P,P,P,P,P,P,P,P,P,P,P,P,P,P,P,B,B,B,B,B,R,R,R,R,R,R,R,R,T,T,T,T,T,T,T,T,T,T,T,T,T,T,T,T,T,T,T,T,T,T,T,T,T,T,T,T,T,T,T,T,T,T,T,T,T,T,T,B,B,B,B,B,B,B,B,B,B,B,B,B,B,B,B,B,B,B,B,P,P,P,P,P,P,P,P,P,P,P,P,P
B,B,B,B,B,B,B,B,B,R,R,R,R,R,R,R,R,T,T,T,T,T,T,T,T,T,T,T,T,T,T,T,T,T,T,T,T,T,T,T,T,T,T,T,T,T,T,T,T,T,T,T,T,T,T,B,B,B,B,B,B,B,B,B,B,B,B,B,B,B,B,B,B,B,B,B,P,P,P,P,P,P,P,P,P,P,P,P,P,P,P,P,B,B,B,B,B,R,R,R,R,R,R,R,R,R,T,T,T,T,T,T,T,T,T,T,T,T,T,T,T,T,T,T,T,T,T,T,T,T,T,T,T,T,T,T,T,T,T,T,T,T,T,B,B,B,B,B,B,B,B,B,B,B,B,B,B,B,B,B,B,B,B,B,B,P,P,P,P,P,P,P,P,P,P,P,P,P,P,P,P,B,B,B,B,B,B,R,R,R,R,R,R,R,R,T,T,T,T,T,T,T,T,T,T,T,T,T,T,T,T,T,T,T,T,T,T,T,T,T,T,T,T,T,T,T,T,T,T,T,T,T,T,T,B,B,B,B,B,B,B,B,B,B,B,B,B,B,B,B
B,B,B,B,P,P,P,P,P,P,P,P,P,P,P,P,P,P,P,P,B,B,B,B,B,B,B,R,R,R,R,R,R,R,R,T,T,T,T,T,T,T,T,T,T,T,T,T,T,T,T,T,T,T,T,T,T,T,T,T,T,T,T,T,T,T,T,T,T,T,T,T,B,B,B,B,B,B,B,B,B,B,B,B,B,B,B,B,B,B,B,B,B,P,P,P,P,P,P,P,P,P,P,P,P,P,P,P,P,B,B,B,B,B,B,R,R,R,R,R,R,R,R,R,T,T,T,T,T,T,T,T,T,T,T,T,T,T,T,T,T,T,T,T,T,T,T,T,T,T,T,T,T,T,T,T,T,T,T,B,B,B,B,B,B,B,B,B,B,B,B,B,B,B,B,B,B,B,B,B,B,B,B,P,P,P,P,P,P,P,P,P,P,P,P,P,P,B,B,B,B,B,B,R,R,R,R,R,R,R,R,R,T,T,T,T,T,T,T,T,T,T,T,T,T,T,T,T,T,T,T,T,T,T,T,T,T,T,T,T,T,T,T,T,T,T,T,T,T,T
T,T,T,T,T,T,T,T,T,T,T,T,T,T,T,T,T,T,T,T,T,T,T,T,T,B,B,B,B,B,B,B,B,B,B,B,B,B,B,B,B,B,B,B,B,P,P,P,P,P,P,P,P,P,P,P,P,P,P,P,B,B,B,B,B,R,R,R,R,R,R,R,R,R,T,T,T,T,T,T,T,T,T,T,T,T,T,T,T,T,T,T,T,T,T,T,T,T,T,T,T,T,T,T,T,T,T,T,T,T,B,B,B,B,B,B,B,B,B,B,B,B,B,B,B,B,B,B,B,P,P,P,P,P,P,P,P,P,P,P,P,P,P,P,P,B,B,B,B,B,R,R,R,R,R,R,R,R,R,T,T,T,T,T,T,T,T,T,T,T,T,T,T,T,T,T,T,T,T,T,T,T,T,T,T,T,T,T,T,T,T,T,T,T,B,B,B,B,B,B,B,B,B,B,B,B,B,B,B,B,B,B,B,B,B,P,P,P,P,P,P,P,P,P,P,P,P,P,P,B,B,B,B,B,B,R,R,R,R,R,R,R,R,R,T,T,T,T,T,T
T,T,T,T,T,T,T,T,T,T,T,T,T,T,T,T,T,T,T,T,T,T,T,T,T,T,T,T,T,T,B,B,B,B,B,B,B,B,B,B,B,B,B,B,B,B,B,B,B,B,B,P,P,P,P,P,P,P,P,P,P,P,P,P,P,B,B,B,B,B,R,R,R,R,R,R,R,R,T,T,T,T,T,T,T,T,T,T,T,T,T,T,T,T,T,T,T,T,T,T,T,T,T,T,T,T,T,T,T,T,T,T,T,T,B,B,B,B,B,B,B,B,B,B,B,B,B,B,B,B,B,B,B,B,P,P,P,P,P,P,P,P,P,P,P,P,P,P,B,B,B,B,B,B,R,R,R,R,R,R,R,R,R,T,T,T,T,T,T,T,T,T,T,T,T,T,T,T,T,T,T,T,T,T,T,T,T,T,T,T,T,T,T,T,T,T,T,T,T,B,B,B,B,B,B,B,B,B,B,B,B,B,B,B,B,B,B,B,B,B,P,P,P,P,P,P,P,P,P,P,P,P,P,P,B,B,B,B,B,R,R,R,R,R,R,R,R,R,T,T
T,T,T,T,T,T,T,T,T,T,T,T,T,T,T,T,T,T,T,T,T,T,T,T,T,T,T,T,T,T,T,T,T,T,T,T,B,B,B,B,B,B,B,B,B,B,B,B,B,B,B,B,B,B,B,B,P,P,P,P,P,P,P,P,P,P,P,P,P,B,B,B,B,R,R,R,R,R,R,R,R,R,R,T,T,T,T,T,T,T,T,T,T,T,T,T,T,T,T,T,T,T,T,T,T,T,T,T,T,T,T,T,T,T,T,T,T,T,B,B,B,B,B,B,B,B,B,B,B,B,B,B,B,B,B,B,B,B,B,P,P,P,P,P,P,P,P,P,P,P,P,P,P,P,B,B,B,B,R,R,R,R,R,R,R,R,R,R,T,T,T,T,T,T,T,T,T,T,T,T,T,T,T,T,T,T,T,T,T,T,T,T,T,T,T,T,T,T,T,T,T,T,T,T,B,B,B,B,B,B,B,B,B,B,B,B,B,B,B,B,B,B,B,P,P,P,P,P,P,P,P,P,P,P,P,P,P,B,B,B,B,B,B,R,R,R,R,R,R,R
T,T,T,T,T,T,T,T,T,T,T,T,T,T,T,T,T,T,T,T,B,B,B,B,B,B,B,B,B,B,B,P,P,P,P,P,P,P,P,P,P,P,P,P,P,P,P,B,B,B,B,B,R,R,R,R,R,R,R,T,T,T,T,T,T,T,T,T,T,T,T,T,T,T,T,T,T,T,T,T,T,T,T,T,T,T,T,T,T,T,T,T,T,B,B,B,B,B,B,B,B,B,B,B,B,B,B,P,P,P,P,P,P,P,P,P,P,P,P,P,B,B,B,B,B,R,R,R,R,R,R,R,R,R,T,T,T,T,T,T,T,T,T,T,T,T,T,T,T,T,T,T,T,T,T,T,T,T,T,T,T,T,T,T,T,T,T,T,B,B,B,B,B,B,B,B,B,B,B,B,B,P,P,P,P,P,P,P,P,P,P,P,P,P,P,P,P,B,B,B,B,R,R,R,R,R,R,R,R,T,T,T,T,T,T,T,T,T,T,T,T,T,T,T,T,T,T,T,T,T,T,T,T,T,T,T,T,T,T,T,T,T,T,T,B,B,B,B,B,B
B,B,B,B,P,P,P,P,P,P,P,P,P,P,P,P,P,P,P,P,P,B,B,B,B,B,R,R,R,R,R,R,R,R,T,T,T,T,T,T,T,T,T,T,T,T,T,T,T,T,T,T,T,T,T,T,T,T,T,T,T,T,T,T,T,T,T,B,B,B,B,B,B,B,B,B,B,B,B,B,P,P,P,P,P,P,P,P,P,P,P,P,P,P,P,B,B,B,B,B,B,R,R,R,R,R,R,R,R,T,T,T,T,T,T,T,T,T,T,T,T,T,T,T,T,T,T,T,T,T,T,T,T,T,T,T,T,T,T,T,T,T,B,B,B,B,B,B,B,B,B,B,B,B,B,P,P,P,P,P,P,P,P,P,P,P,P,P,P,P,P,B,B,B,B,R,R,R,R,R,R,R,R,T,T,T,T,T,T,T,T,T,T,T,T,T,T,T,T,T,T,T,T,T,T,T,T,T,T,T,T,T,T,T,T,T,T,T,B,B,B,B,B,B,B,B,B,B,B,B,P,P,P,P,P,P,P,P,P,P,P,P,P,P,P,B,B,B,B,B
R,R,R,R,R,R,R,R,R,T,T,T,T,T,T,T,T,T,T,T,T,T,T,T,T,T,T,T,T,T,T,T,T,T,T,T,T,T,T,T,T,B,B,B,B,B,B,B,B,B,B,B,B,B,B,B,P,P,P,P,P,P,P,P,P,P,P,P,P,P,B,B,B,B,B,R,R,R,R,R,R,R,R,R,T,T,T,T,T,T,T,T,T,T,T,T,T,T,T,T,T,T,T,T,T,T,T,T,T,T,T,T,T,T,T,T,T,B,B,B,B,B,B,B,B,B,B,B,P,P,P,P,P,P,P,P,P,P,P,P,P,P,P,P,P,B,B,B,B,B,R,R,R,R,R,R,R,R,T,T,T,T,T,T,T,T,T,T,T,T,T,T,T,T,T,T,T,T,T,T,T,T,T,T,T,T,T,T,T,T,T,T,B,B,B,B,B,B,B,B,B,B,B,B,P,P,P,P,P,P,P,P,P,P,P,P,P,P,P,P,B,B,B,B,B,R,R,R,R,R,R,R,R,T,T,T,T,T,T,T,T,T,T,T,T,T,T,T,T,T
B,B,B,B,B,B,B,B,B,B,B,B,B,B,P,P,P,P,P,P,P,P,P,P,P,P,P,B,B,B,B,B,B,R,R,R,R,R,R,R,R,T,T,T,T,T,T,T,T,T,T,T,T,T,T,T,T,T,T,T,T,T,T,T,T,T,T,T,T,T,T,T,T,T,T,T,T,T,B,B,B,B,B,B,B,B,B,B,B,B,B,P,P,P,P,P,P,P,P,P,P,P,P,P,P,P,P,B,B,B,B,B,B,R,R,R,R,R,R,R,R,T,T,T,T,T,T,T,T,T,T,T,T,T,T,T,T,T,T,T,T,T,T,T,T,T,T,T,T,T,T,T,T,T,T,T,T,T,B,B,B,B,B,B,B,B,B,B,B,B,B,B,B,P,P,P,P,P,P,P,P,P,P,P,P,P,P,P,P,B,B,B,B,R,R,R,R,R,R,R,R,R,T,T,T,T,T,T,T,T,T,T,T,T,T,T,T,T,T,T,T,T,T,T,T,T,T,T,T,T,T,T,T,T,T,T,T,T,B,B,B,B,B,B,B,B,B,B,B,B
B,B,B,B,B,P,P,P,P,P,P,P,P,P,P,P,P,P,P,B,B,B,B,R,R,R,R,R,R,R,R,R,T,T,T,T,T,T,T,T,T,T,T,T,T,T,T,T,T,T,T,T,T,T,T,T,T,T,T,T,T,T,T,T,T,T,B,B,B,B,B,B,B,B,B,B,B,B,B,B,B,B,B,B,P,P,P,P,P,P,P,P,P,P,P,P,P,P,B,B,B,B,B,B,R,R,R,R,R,R,R,R,R,T,T,T,T,T,T,T,T,T,T,T,T,T,T,T,T,T,T,T,T,T,T,T,T,T,T,T,T,T,T,T,T,T,T,T,T,B,B,B,B,B,B,B,B,B,B,B,B,B,B,B,P,P,P,P,P,P,P,P,P,P,P,P,P,P,P,B,B,B,B,B,B,R,R,R,R,R,R,R,T,T,T,T,T,T,T,T,T,T,T,T,T,T,T,T,T,T,T,T,T,T,T,T,T,T,T,T,T,T,T,T,T,T,T,T,T,B,B,B,B,B,B,B,B,B,B,B,B,B,B,B,B,B,B,B,B,B
P,P,P,P,P,P,P,P,P,B,B,B,B,B,B,R,R,R,R,R,R,R,R,T,T,T,T,T,T,T,T,T,T,T,T,T,T,T,T,T,T,T,T,T,T,T,T,T,T,T,T,T,T,T,T,T,T,T,T,B,B,B,B,B,B,B,B,B,B,B,B,B,B,B,B,P,P,P,P,P,P,P,P,P,P,P,P,P,P,P,B,B,B,B,B,R,R,R,R,R,R,R,R,R,T,T,T,T,T,T,T,T,T,T,T,T,T,T,T,T,T,T,T,T,T,T,T,T,T,T,T,T,T,T,T,T,T,T,T,T,B,B,B,B,B,B,B,B,B,B,B,B,B,B,P,P,P,P,P,P,P,P,P,P,P,P,P,P,P,B,B,B,B,B,B,R,R,R,R,R,R,R,R,R,T,T,T,T,T,T,T,T,T,T,T,T,T,T,T,T,T,T,T,T,T,T,T,T,T,T,T,T,T,T,T,T,T,T,T,B,B,B,B,B,B,B,B,B,B,B,B,B,B,B,B,P,P,P,P,P,P,P,P,P,P,P,P,P,P,P
T,T,T,T,T,T,T,T,T,T,T,T,B,B,B,B,B,B,B,B,B,B,B,B,B,B,B,P,P,P,P,P,P,P,P,P,P,P,P,P,P,P,P,P,B,B,B,B,B,R,R,R,R,R,R,R,R,R,T,T,T,T,T,T,T,T,T,T,T,T,T,T,T,T,T,T,T,T,T,T,T,T,T,T,T,T,T,T,T,T,T,T,B,B,B,B,B,B,B,B,B,B,B,B,B,B,B,B,P,P,P,P,P,P,P,P,P,P,P,P,P,P,P,P,P,B,B,B,B,B,R,R,R,R,R,R,R,R,R,T,T,T,T,T,T,T,T,T,T,T,T,T,T,T,T,T,T,T,T,T,T,T,T,T,T,T,T,T,T,T,T,T,T,T,B,B,B,B,B,B,B,B,B,B,B,B,B,B,B,P,P,P,P,P,P,P,P,P,P,P,P,P,P,P,P,B,B,B,B,B,B,R,R,R,R,R,R,R,R,T,T,T,T,T,T,T,T,T,T,T,T,T,T,T,T,T,T,T,T,T,T,T,T,T,T,T,T,T,T,T
T,T,T,T,T,T,B,B,B,B,B,B,B,B,B,B,B,B,B,B,B,P,P,P,P,P,P,P,P,P,P,P,P,P,P,P,B,B,B,B,B,B,B,R,R,R,R,R,R,R,R,R,T,T,T,T,T,T,T,T,T,T,T,T,T,T,T,T,T,T,T,T,T,T,T,T,T,T,T,T,T,T,T,T,T,T,T,B,B,B,B,B,B,B,B,B,B,B,B,B,B,P,P,P,P,P,P,P,P,P,P,P,P,P,P,P,P,B,B,B,B,B,B,B,R,R,R,R,R,R,R,R,R,T,T,T,T,T,T,T,T,T,T,T,T,T,T,T,T,T,T,T,T,T,T,T,T,T,T,T,T,T,T,T,T,T,T,T,T,B,B,B,B,B,B,B,B,B,B,B,B,B,P,P,P,P,P,P,P,P,P,P,P,P,P,P,P,P,P,B,B,B,B,B,B,R,R,R,R,R,R,R,R,R,T,T,T,T,T,T,T,T,T,T,T,T,T,T,T,T,T,T,T,T,T,T,T,T,T,T,T,T,T,T,T,T,T,T,T,T
B,B,B,B,B,B,B,B,B,B,B,B,B,B,B,P,P,P,P,P,P,P,P,P,P,P,P,P,P,P,P,B,B,B,B,R,R,R,R,R,R,R,R,R,T,T,T,T,T,T,T,T,T,T,T,T,T,T,T,T,T,T,T,T,T,T,T,T,T,T,T,T,T,T,T,T,T,T,T,T,B,B,B,B,B,B,B,B,B,B,B,B,B,B,B,P,P,P,P,P,P,P,P,P,P,P,P,P,P,P,P,B,B,B,B,B,R,R,R,R,R,R,R,R,R,R,T,T,T,T,T,T,T,T,T,T,T,T,T,T,T,T,T,T,T,T,T,T,T,T,T,T,T,T,T,T,T,T,T,T,T,T,B,B,B,B,B,B,B,B,B,B,B,B,B,P,P,P,P,P,P,P,P,P,P,P,P,P,P,P,P,P,P,B,B,B,B,B,R,R,R,R,R,R,R,R,R,T,T,T,T,T,T,T,T,T,T,T,T,T,T,T,T,T,T,T,T,T,T,T,T,T,T,T,T,T,T,T,T,T,T,T,T,T,B,B,B,B,B,B
P,P,P,B,B,B,B,B,B,R,R,R,R,R,R,R,R,R,T,T,T,T,T,T,T,T,T,T,T,T,T,T,T,T,T,T,T,T,T,T,T,T,T,T,T,T,T,T,T,T,T,T,B,B,B,B,B,B,B,B,B,B,B,B,B,P,P,P,P,P,P,P,P,P,P,P,P,P,P,P,P,P,B,B,B,B,B,R,R,R,R,R,R,R,R,R,R,T,T,T,T,T,T,T,T,T,T,T,T,T,T,T,T,T,T,T,T,T,T,T,T,T,T,T,T,T,T,T,T,T,T,B,B,B,B,B,B,B,B,B,B,B,B,B,B,P,P,P,P,P,P,P,P,P,P,P,P,P,P,P,P,P,B,B,B,B,R,R,R,R,R,R,R,R,T,T,T,T,T,T,T,T,T,T,T,T,T,T,T,T,T,T,T,T,T,T,T,T,T,T,T,T,T,T,T,T,T,T,T,B,B,B,B,B,B,B,B,B,B,B,B,B,B,B,B,P,P,P,P,P,P,P,P,P,P,P,P,P,P,P,P,P,B,B,B,B,B,R,R,R
R,R,R,R,R,T,T,T,T,T,T,T,T,T,T,T,T,T,T,T,T,T,T,T,T,T,T,T,T,T,T,T,T,T,T,T,T,T,T,T,B,B,B,B,B,B,B,B,B,B,B,B,B,B,B,P,P,P,P,P,P,P,P,P,P,P,P,P,P,P,P,B,B,B,B,B,B,R,R,R,R,R,R,R,T,T,T,T,T,T,T,T,T,T,T,T,T,T,T,T,T,T,T,T,T,T,T,T,T,T,T,T,T,T,T,T,T,T,T,T,T,B,B,B,B,B,B,B,B,B,B,B,B,B,B,P,P,P,P,P,P,P,P,P,P,P,P,P,P,P,B,B,B,B,B,B,R,R,R,R,R,R,R,R,R,T,T,T,T,T,T,T,T,T,T,T,T,T,T,T,T,T,T,T,T,T,T,T,T,T,T,T,T,T,T,T,T,T,T,B,B,B,B,B,B,B,B,B,B,B,B,B,B,P,P,P,P,P,P,P,P,P,P,P,P,P,P,P,P,P,B,B,B,R,R,R,R,R,R,R,R,R,R,T,T,T,T,T,T,T
T,T,T,T,T,T,T,T,T,T,T,T,T,T,T,T,T,T,T,T,T,T,T,T,T,T,T,B,B,B,B,B,B,B,B,B,B,B,B,B,B,B,B,B,B,B,P,P,P,P,P,P,P,P,P,P,P,P,P,P,B,B,B,B,B,R,R,R,R,R,R,R,R,R,T,T,T,T,T,T,T,T,T,T,T,T,T,T,T,T,T,T,T,T,T,T,T,T,T,T,T,T,T,T,T,T,T,T,T,B,B,B,B,B,B,B,B,B,B,B,B,B,B,P,P,P,P,P,P,P,P,P,P,P,P,P,P,P,P,B,B,B,B,B,R,R,R,R,R,R,R,R,R,T,T,T,T,T,T,T,T,T,T,T,T,T,T,T,T,T,T,T,T,T,T,T,T,T,T,T,T,T,T,T,T,T,T,T,T,B,B,B,B,B,B,B,B,B,B,B,B,B,P,P,P,P,P,P,P,P,P,P,P,P,P,P,P,P,P,B,B,B,B,R,R,R,R,R,R,R,R,R,T,T,T,T,T,T,T,T,T,T,T,T,T,T,T,T,T,T
P,P,P,P,P,P,P,P,P,P,P,P,B,B,B,B,B,R,R,R,R,R,R,R,R,R,R,T,T,T,T,T,T,T,T,T,T,T,T,T,T,T,T,T,T,T,T,T,T,T,T,T,T,T,T,T,T,T,T,T,T,B,B,B,B,B,B,B,B,B,B,B,B,B,B,B,B,P,P,P,P,P,P,P,P,P,P,P,P,P,P,P,P,B,B,B,B,B,B,B,R,R,R,R,R,R,R,R,R,T,T,T,T,T,T,T,T,T,T,T,T,T,T,T,T,T,T,T,T,T,T,T,T,T,T,T,T,T,T,T,T,T,T,B,B,B,B,B,B,B,B,B,B,B,B,B,B,B,B,B,B,B,P,P,P,P,P,P,P,P,P,P,P,P,P,P,P,B,B,B,B,B,B,R,R,R,R,R,R,R,R,R,T,T,T,T,T,T,T,T,T,T,T,T,T,T,T,T,T,T,T,T,T,T,T,T,T,T,T,T,T,T,T,T,T,T,T,B,B,B,B,B,B,B,B,B,B,B,B,B,B,B,B,B,B,P,P,P,P,P
P,P,P,P,P,P,P,P,P,P,B,B,B,B,B,B,R,R,R,R,R,R,R,R,R,T,T,T,T,T,T,T,T,T,T,T,T,T,T,T,T,T,T,T,T,T,T,T,T,T,T,T,T,T,T,T,T,T,T,B,B,B,B,B,B,B,B,B,B,B,B,B,B,B,B,B,B,P,P,P,P,P,P,P,P,P,P,P,P,P,P,P,B,B,B,B,B,B,R,R,R,R,R,R,R,R,R,T,T,T,T,T,T,T,T,T,T,T,T,T,T,T,T,T,T,T,T,T,T,T,T,T,T,T,T,T,T,T,T,T,T,T,T,B,B,B,B,B,B,B,B,B,B,B,B,B,B,B,B,B,P,P,P,P,P,P,P,P,P,P,P,P,P,P,P,B,B,B,B,B,R,R,R,R,R,R,R,R,R,T,T,T,T,T,T,T,T,T,T,T,T,T,T,T,T,T,T,T,T,T,T,T,T,T,T,T,T,T,T,T,T,T,T,T,T,B,B,B,B,B,B,B,B,B,B,B,B,B,B,B,P,P,P,P,P,P,P,P,P,P
P,P,P,P,P,P,P,B,B,B,B,B,R,R,R,R,R,R,R,R,R,R,T,T,T,T,T,T,T,T,T,T,T,T,T,T,T,T,T,T,T,T,T,T,T,T,T,T,T,T,T,T,T,T,T,T,T,B,B,B,B,B,B,B,B,B,B,B,B,B,B,B,B,B,P,P,P,P,P,P,P,P,P,P,P,P,P,P,P,P,P,B,B,B,B,R,R,R,R,R,R,R,R,R,R,T,T,T,T,T,T,T,T,T,T,T,T,T,T,T,T,T,T,T,T,T,T,T,T,T,T,T,T,T,T,T,T,T,T,T,T,B,B,B,B,B,B,B,B,B,B,B,B,B,B,B,P,P,P,P,P,P,P,P,P,P,P,P,P,P,P,P,P,B,B,B,B,B,R,R,R,R,R,R,R,R,R,T,T,T,T,T,T,T,T,T,T,T,T,T,T,T,T,T,T,T,T,T,T,T,T,T,T,T,T,T,T,T,T,T,T,T,T,T,T,B,B,B,B,B,B,B,B,B,B,B,B,B,B,B,P,P,P,P,P,P,P,P,P,P
B,B,B,B,B,B,B,B,B,B,B,P,P,P,P,P,P,P,P,P,P,P,P,B,B,B,B,B,B,R,R,R,R,R,R,R,T,T,T,T,T,T,T,T,T,T,T,T,T,T,T,T,T,T,T,T,T,T,T,T,T,T,T,T,T,T,T,T,T,T,T,T,T,B,B,B,B,B,B,B,B,B,B,B,B,B,B,B,B,B,B,B,B,B,B,B,B,B,B,P,P,P,P,P,P,P,P,P,P,P,P,P,P,B,B,B,B,R,R,R,R,R,R,R,R,R,T,T,T,T,T,T,T,T,T,T,T,T,T,T,T,T,T,T,T,T,T,T,T,T,T,T,T,T,T,T,T,T,T,T,T,T,T,B,B,B,B,B,B,B,B,B,B,B,B,B,B,B,B,B,B,B,B,B,B,B,P,P,P,P,P,P,P,P,P,P,P,P,P,B,B,B,B,B,B,R,R,R,R,R,R,R,R,R,T,T,T,T,T,T,T,T,T,T,T,T,T,T,T,T,T,T,T,T,T,T,T,T,T,T,T,T,T,T,T,T,T,T,T,T
B,B,B,B,B,B,B,B,B,B,B,B,B,B,B,B,B,B,B,B,B,B,B,B,B,P,P,P,P,P,P,P,P,P,P,P,P,P,B,B,B,B,B,B,R,R,R,R,R,R,R,R,T,T,T,T,T,T,T,T,T,T,T,T,T,T,T,T,T,T,T,T,T,T,T,T,T,T,T,T,T,T,T,T,T,T,T,T,T,B,B,B,B,B,B,B,B,B,B,B,B,B,B,B,B,B,B,B,B,B,B,B,B,P,P,P,P,P,P,P,P,P,P,P,P,P,P,B,B,B,B,R,R,R,R,R,R,R,R,R,R,T,T,T,T,T,T,T,T,T,T,T,T,T,T,T,T,T,T,T,T,T,T,T,T,T,T,T,T,T,T,T,T,T,T,T,T,T,B,B,B,B,B,B,B,B,B,B,B,B,B,B,B,B,B,B,B,B,B,B,B,P,P,P,P,P,P,P,P,P,P,P,P,P,P,B,B,B,B,B,R,R,R,R,R,R,R,R,R,T,T,T,T,T,T,T,T,T,T,T,T,T,T,T,T,T,T,T,T,T
T,T,T,T,T,T,T,T,T,T,T,T,T,T,T,T,B,B,B,B,B,B,B,B,B,B,B,B,B,B,B,B,B,B,B,B,B,B,B,B,P,P,P,P,P,P,P,P,P,P,P,P,P,P,B,B,B,B,B,R,R,R,R,R,R,R,R,T,T,T,T,T,T,T,T,T,T,T,T,T,T,T,T,T,T,T,T,T,T,T,T,T,T,T,T,T,T,T,T,T,T,T,T,B,B,B,B,B,B,B,B,B,B,B,B,B,B,B,B,B,B,B,B,B,B,B,B,B,B,P,P,P,P,P,P,P,P,P,P,P,P,P,B,B,B,B,B,B,R,R,R,R,R,R,R,R,T,T,T,T,T,T,T,T,T,T,T,T,T,T,T,T,T,T,T,T,T,T,T,T,T,T,T,T,T,T,T,T,T,T,T,T,B,B,B,B,B,B,B,B,B,B,B,B,B,B,B,B,B,B,B,B,B,B,B,B,B,P,P,P,P,P,P,P,P,P,P,P,P,P,P,B,B,B,B,B,B,R,R,R,R,R,R,R,R,R,T,T,T,T
R,R,R,R,T,T,T,T,T,T,T,T,T,T,T,T,T,T,T,T,T,T,T,T,T,T,T,T,T,T,T,T,T,T,T,T,B,B,B,B,B,B,B,B,B,B,B,B,B,B,B,B,B,B,B,B,B,B,B,P,P,P,P,P,P,P,P,P,P,B,B,B,B,B,B,B,R,R,R,R,R,R,R,R,R,T,T,T,T,T,T,T,T,T,T,T,T,T,T,T,T,T,T,T,T,T,T,T,T,T,T,T,T,T,T,T,T,T,T,B,B,B,B,B,B,B,B,B,B,B,B,B,B,B,B,B,B,B,P,P,P,P,P,P,P,P,P,P,P,P,B,B,B,B,B,B,R,R,R,R,R,R,R,R,T,T,T,T,T,T,T,T,T,T,T,T,T,T,T,T,T,T,T,T,T,T,T,T,T,T,T,T,T,T,T,T,T,T,B,B,B,B,B,B,B,B,B,B,B,B,B,B,B,B,B,B,B,B,P,P,P,P,P,P,P,P,P,P,P,P,B,B,B,B,B,B,R,R,R,R,R,R,R,R,R,T,T,T,T,T
T,T,T,T,T,T,T,T,T,T,T,T,T,T,T,T,T,T,T,T,T,T,T,T,T,T,T,T,T,T,T,T,B,B,B,B,B,B,B,B,B,B,B,B,B,B,B,B,P,P,P,P,P,P,P,P,P,P,P,P,P,B,B,B,B,B,R,R,R,R,R,R,R,R,R,T,T,T,T,T,T,T,T,T,T,T,T,T,T,T,T,T,T,T,T,T,T,T,T,T,T,T,T,T,T,T,T,T,B,B,B,B,B,B,B,B,B,B,B,B,B,B,B,B,B,B,B,B,P,P,P,P,P,P,P,P,P,P,P,P,P,B,B,B,B,B,R,R,R,R,R,R,R,R,T,T,T,T,T,T,T,T,T,T,T,T,T,T,T,T,T,T,T,T,T,T,T,T,T,T,T,T,T,T,T,T,T,T,T,T,B,B,B,B,B,B,B,B,B,B,B,B,B,B,B,B,B,P,P,P,P,P,P,P,P,P,P,P,P,P,P,P,B,B,B,R,R,R,R,R,R,R,R,R,R,T,T,T,T,T,T,T,T,T,T,T,T,T,T,T
T,T,T,T,T,T,T,T,T,T,T,T,T,T,T,T,T,T,T,T,B,B,B,B,B,B,B,B,B,B,B,B,B,B,B,B,P,P,P,P,P,P,P,P,P,P,P,P,P,P,B,B,B,B,B,B,R,R,R,R,R,R,R,R,R,T,T,T,T,T,T,T,T,T,T,T,T,T,T,T,T,T,T,T,T,T,T,T,T,T,T,T,T,T,T,T,T,T,T,T,B,B,B,B,B,B,B,B,B,B,B,B,B,B,B,B,B,P,P,P,P,P,P,P,P,P,P,P,P,P,B,B,B,B,B,R,R,R,R,R,R,R,R,R,R,T,T,T,T,T,T,T,T,T,T,T,T,T,T,T,T,T,T,T,T,T,T,T,T,T,T,T,T,T,T,T,T,T,T,T,B,B,B,B,B,B,B,B,B,B,B,B,B,B,B,B,B,B,P,P,P,P,P,P,P,P,P,P,P,B,B,B,B,B,B,R,R,R,R,R,R,R,R,R,R,T,T,T,T,T,T,T,T,T,T,T,T,T,T,T,T,T,T,T,T,T,T,T,T,T
P,P,P,P,P,P,P,P,P,P,P,P,P,P,B,B,B,B,B,R,R,R,R,R,R,R,R,R,T,T,T,T,T,T,T,T,T,T,T,T,T,T,T,T,T,T,T,T,T,T,T,T,T,T,T,T,T,T,T,T,T,T,T,T,T,B,B,B,B,B,B,B,B,B,B,B,B,B,B,B,P,P,P,P,P,P,P,P,P,P,P,P,P,B,B,B,R,R,R,R,R,R,R,R,R,R,T,T,T,T,T,T,T,T,T,T,T,T,T,T,T,T,T,T,T,T,T,T,T,T,T,T,T,T,T,T,T,T,T,T,T,T,B,B,B,B,B,B,B,B,B,B,B,B,B,B,B,B,P,P,P,P,P,P,P,P,P,P,P,P,P,P,B,B,B,R,R,R,R,R,R,R,R,T,T,T,T,T,T,T,T,T,T,T,T,T,T,T,T,T,T,T,T,T,T,T,T,T,T,T,T,T,T,T,T,T,T,T,T,B,B,B,B,B,B,B,B,B,B,B,B,B,B,B,P,P,P,P,P,P,P,P,P,P,P,P,P,P,B,B
B,B,B,R,R,R,R,R,R,R,R,T,T,T,T,T,T,T,T,T,T,T,T,T,T,T,T,T,T,T,T,T,T,T,T,T,T,T,T,T,T,T,T,T,T,T,T,B,B,B,B,B,B,B,B,B,B,B,B,B,B,B,P,P,P,P,P,P,P,P,P,P,P,P,P,P,B,B,B,B,B,R,R,R,R,R,R,R,R,T,T,T,T,T,T,T,T,T,T,T,T,T,T,T,T,T,T,T,T,T,T,T,T,T,T,T,T,T,T,T,T,T,T,T,T,B,B,B,B,B,B,B,B,B,B,B,B,B,B,B,B,P,P,P,P,P,P,P,P,P,P,P,P,P,B,B,B,B,R,R,R,R,R,R,R,R,R,T,T,T,T,T,T,T,T,T,T,T,T,T,T,T,T,T,T,T,T,T,T,T,T,T,T,T,T,T,T,T,T,T,T,T,B,B,B,B,B,B,B,B,B,B,B,B,B,B,B,B,P,P,P,P,P,P,P,P,P,P,P,P,P,P,B,B,B,B,R,R,R,R,R,R,R,R,T,T,T,T,T,T
T,T,T,T,T,T,T,T,T,T,T,T,T,T,T,T,T,T,T,T,T,T,T,T,T,T,T,T,T,B,B,B,B,B,B,B,B,B,B,B,B,B,B,B,B,P,P,P,P,P,P,P,P,P,P,P,P,P,P,B,B,B,B,R,R,R,R,R,R,R,R,R,T,T,T,T,T,T,T,T,T,T,T,T,T,T,T,T,T,T,T,T,T,T,T,T,T,T,T,T,T,T,T,T,T,T,T,T,B,B,B,B,B,B,B,B,B,B,B,B,B,B,B,B,P,P,P,P,P,P,P,P,P,P,P,P,P,B,B,B,B,B,R,R,R,R,R,R,R,R,T,T,T,T,T,T,T,T,T,T,T,T,T,T,T,T,T,T,T,T,T,T,T,T,T,T,T,T,T,T,T,T,T,T,T,T,T,B,B,B,B,B,B,B,B,B,B,B,B,B,P,P,P,P,P,P,P,P,P,P,P,P,P,P,P,B,B,B,B,R,R,R,R,R,R,R,R,R,T,T,T,T,T,T,T,T,T,T,T,T,T,T,T,T,T,T,T,T,T,T
T,T,T,T,T,T,T,T,T,T,T,T,T,T,T,T,T,T,T,T,T,T,T,T,B,B,B,B,B,B,B,B,B,B,B,B,B,B,B,B,B,B,B,B,B,P,P,P,P,P,P,P,P,P,P,P,P,P,P,B,B,B,B,R,R,R,R,R,R,R,R,R,T,T,T,T,T,T,T,T,T,T,T,T,T,T,T,T,T,T,T,T,T,T,T,T,T,T,T,T,T,T,T,T,T,T,T,T,T,B,B,B,B,B,B,B,B,B,B,B,B,B,B,B,B,B,P,P,P,P,P,P,P,P,P,P,P,P,P,P,P,P,B,B,B,B,B,R,R,R,R,R,R,R,R,R,T,T,T,T,T,T,T,T,T,T,T,T,T,T,T,T,T,T,T,T,T,T,T,T,T,T,T,T,T,T,T,T,T,T,T,T,B,B,B,B,B,B,B,B,B,B,B,B,B,B,B,B,B,B,B,P,P,P,P,P,P,P,P,P,P,P,P,P,P,B,B,B,B,B,B,R,R,R,R,R,R,R,R,R,T,T,T,T,T,T,T,T,T,T
T,T,T,T,T,T,T,T,T,T,T,T,T,T,T,T,T,T,T,T,T,T,T,T,T,B,B,B,B,B,B,B,B,B,B,B,B,B,B,B,B,B,B,B,B,B,P,P,P,P,P,P,P,P,P,P,P,P,B,B,B,B,B,B,R,R,R,R,R,R,R,R,R,T,T,T,T,T,T,T,T,T,T,T,T,T,T,T,T,T,T,T,T,T,T,T,T,T,T,T,T,T,T,T,T,T,T,T,T,T,B,B,B,B,B,B,B,B,B,B,B,B,B,B,B,B,B,B,B,B,B,P,P,P,P,P,P,P,P,P,P,P,P,P,P,B,B,B,B,R,R,R,R,R,R,R,R,R,T,T,T,T,T,T,T,T,T,T,T,T,T,T,T,T,T,T,T,T,T,T,T,T,T,T,T,T,T,T,T,T,T,T,T,T,T,B,B,B,B,B,B,B,B,B,B,B,B,B,B,B,B,B,B,B,B,B,P,P,P,P,P,P,P,P,P,P,P,P,P,B,B,B,B,B,R,R,R,R,R,R,R,R,R,T,T,T,T,T,T,T
T,T,T,T,T,T,T,T,T,T,T,T,T,T,T,T,T,T,T,T,T,T,T,T,T,T,T,T,T,T,B,B,B,B,B,B,B,B,B,B,B,B,B,B,B,B,B,B,B,B,P,P,P,P,P,P,P,P,P,P,P,P,P,B,B,B,B,B,B,R,R,R,R,R,R,R,R,T,T,T,T,T,T,T,T,T,T,T,T,T,T,T,T,T,T,T,T,T,T,T,T,T,T,T,T,T,T,T,T,T,T,T,T,T,B,B,B,B,B,B,B,B,B,B,B,B,B,B,B,B,B,B,B,B,B,P,P,P,P,P,P,P,P,P,P,P,P,P,B,B,B,B,B,R,R,R,R,R,R,R,R,R,T,T,T,T,T,T,T,T,T,T,T,T,T,T,T,T,T,T,T,T,T,T,T,T,T,T,T,T,T,T,T,T,T,T,T,T,T,B,B,B,B,B,B,B,B,B,B,B,B,B,B,B,B,B,B,B,B,B,P,P,P,P,P,P,P,P,P,P,P,P,P,B,B,B,B,B,B,R,R,R,R,R,R,R,R,T,T,T
B,B,B,B,B,B,B,B,B,P,P,P,P,P,P,P,P,P,P,P,P,P,P,B,B,B,B,R,R,R,R,R,R,R,R,R,R,T,T,T,T,T,T,T,T,T,T,T,T,T,T,T,T,T,T,T,T,T,T,T,T,T,T,T,T,T,T,T,T,T,T,T,T,B,B,B,B,B,B,B,B,B,B,B,B,B,B,B,B,B,B,B,B,P,P,P,P,P,P,P,P,P,P,P,P,P,B,B,B,B,R,R,R,R,R,R,R,R,R,T,T,T,T,T,T,T,T,T,T,T,T,T,T,T,T,T,T,T,T,T,T,T,T,T,T,T,T,T,T,T,T,T,T,T,B,B,B,B,B,B,B,B,B,B,B,B,B,B,B,B,B,B,B,B,P,P,P,P,P,P,P,P,P,P,P,P,P,B,B,B,B,B,B,R,R,R,R,R,R,R,R,R,R,T,T,T,T,T,T,T,T,T,T,T,T,T,T,T,T,T,T,T,T,T,T,T,T,T,T,T,T,T,T,T,T,T,T,T,T,T,B,B,B,B,B,B,B,B,B,B
B,B,B,B,B,B,B,B,B,P,P,P,P,P,P,P,P,P,P,P,P,B,B,B,B,B,B,R,R,R,R,R,R,R,R,T,T,T,T,T,T,T,T,T,T,T,T,T,T,T,T,T,T,T,T,T,T,T,T,T,T,T,T,T,T,T,T,T,T,T,B,B,B,B,B,B,B,B,B,B,B,B,B,B,B,B,B,B,B,B,P,P,P,P,P,P,P,P,P,P,P,P,P,P,B,B,B,B,B,R,R,R,R,R,R,R,R,R,T,T,T,T,T,T,T,T,T,T,T,T,T,T,T,T,T,T,T,T,T,T,T,T,T,T,T,T,T,T,T,T,T,T,B,B,B,B,B,B,B,B,B,B,B,B,B,B,B,B,B,B,B,B,B,B,P,P,P,P,P,P,P,P,P,P,P,P,B,B,B,B,B,B,R,R,R,R,R,R,R,R,T,T,T,T,T,T,T,T,T,T,T,T,T,T,T,T,T,T,T,T,T,T,T,T,T,T,T,T,T,T,T,T,T,T,T,T,T,T,B,B,B,B,B,B,B,B,B,B,B,B
B,B,B,B,B,B,P,P,P,P,P,P,P,P,P,P,P,P,B,B,B,B,B,B,R,R,R,R,R,R,R,R,T,T,T,T,T,T,T,T,T,T,T,T,T,T,T,T,T,T,T,T,T,T,T,T,T,T,T,T,T,T,T,T,T,T,T,T,T,B,B,B,B,B,B,B,B,B,B,B,B,B,B,B,B,B,B,B,B,B,P,P,P,P,P,P,P,P,P,P,P,P,B,B,B,B,B,R,R,R,R,R,R,R,R,T,T,T,T,T,T,T,T,T,T,T,T,T,T,T,T,T,T,T,T,T,T,T,T,T,T,T,T,T,T,T,T,T,B,B,B,P,P,P,P,P,P,P,P,B,B,B,B,B,R,R,R,R,R,R,R,R,R,T,T,T,T,T,T,T,T,T,T,T,T,T,T,T,T,T,T,T,T,T,T,T,T,T,T,T,T,T,T,T,T,T,T,T,B,B,B,B,B,B,B,B,B,B,B,B,B,B,B,B,B,B,B,B,B,P,P,P,P,P,P,P,P,P,P,P,B,B,B,B,B,B,B,R,R,R
P,P,P,P,P,P,P,P,P,P,P,P,P,P,P,P,P,P,P,B,B,B,B,B,R,R,R,R,R,R,R,R,R,T,T,T,T,T,T,T,T,T,T,T,T,T,T,T,T,T,T,T,T,T,T,T,T,T,T,T,T,T,T,T,T,T,T,T,T,B,B,B,B,B,B,B,B,B,B,B,B,B,B,P,P,P,P,P,P,P,P,P,P,P,P,P,P,B,B,B,B,B,R,R,R,R,R,R,R,R,R,T,T,T,T,T,T,T,T,T,T,T,T,T,T,T,T,T,T,T,T,T,T,T,T,T,T,T,T,T,T,T,T,T,T,B,B,B,B,B,B,B,B,B,B,B,B,B,P,P,P,P,P,P,P,P,P,P,P,P,P,P,P,P,P,B,B,B,B,B,R,R,R,R,R,R,R,R,T,T,T,T,T,T,T,T,T,T,T,T,T,T,T,T,T,T,T,T,T,T,T,T,T,T,T,T,T,T,T,T,T,T,T,T,T,B,B,B,B,B,B,B,B,B,B,B,B,B,P,P,P,P,P,P,P,P,P,P,P,P
B,B,B,B,B,B,R,R,R,R,R,R,R,R,R,T,T,T,T,T,T,T,T,T,T,T,T,T,T,T,T,T,T,T,T,T,T,T,T,T,T,T,T,T,T,T,T,T,T,T,T,T,B,B,B,B,B,B,B,B,B,B,B,B,B,P,P,P,P,P,P,P,P,P,P,P,P,P,B,B,B,B,B,B,R,R,R,R,R,R,R,R,R,T,T,T,T,T,T,T,T,T,T,T,T,T,T,T,T,T,T,T,T,T,T,T,T,T,T,T,T,T,T,T,T,T,T,T,T,B,B,B,B,B,B,B,B,B,B,B,B,B,B,P,P,P,P,P,P,P,P,P,P,P,P,B,B,B,B,B,B,B,R,R,R,R,R,R,R,R,T,T,T,T,T,T,T,T,T,T,T,T,T,T,T,T,T,T,T,T,T,T,T,T,T,T,T,T,T,T,T,T,T,T,T,B,B,B,B,B,B,B,B,B,B,B,B,B,B,B,B,P,P,P,P,P,P,P,P,P,P,P,P,P,P,B,B,B,B,R,R,R,R,R,R,R,R,T,T,T
T,T,T,T,T,T,T,T,T,T,T,T,T,T,T,T,T,T,T,T,T,T,T,T,T,T,T,T,T,T,T,T,T,T,B,B,B,B,B,B,B,B,B,B,B,B,B,B,P,P,P,P,P,P,P,P,P,P,P,P,P,B,B,B,B,B,B,R,R,R,R,R,R,R,R,T,T,T,T,T,T,T,T,T,T,T,T,T,T,T,T,T,T,T,T,T,T,T,T,T,T,T,T,T,T,T,T,T,T,T,T,T,B,B,B,B,B,B,B,B,B,B,B,B,B,B,B,P,P,P,P,P,P,P,P,P,P,P,P,P,P,B,B,B,B,R,R,R,R,R,R,R,R,T,T,T,T,T,T,T,T,T,T,T,T,T,T,T,T,T,T,T,T,T,T,T,T,T,T,T,T,T,T,T,T,T,T,T,T,B,B,B,B,B,B,B,B,B,B,B,B,B,B,P,P,P,P,P,P,P,P,P,P,P,P,P,P,B,B,B,B,R,R,R,R,R,R,R,R,T,T,T,T,T,T,T,T,T,T,T,T,T,T,T,T,T,T,T,T,T
B,B,B,B,B,B,B,B,B,B,P,P,P,P,P,P,P,P,P,P,P,P,B,B,B,B,B,B,B,R,R,R,R,R,R,R,R,T,T,T,T,T,T,T,T,T,T,T,T,T,T,T,T,T,T,T,T,T,T,T,T,T,T,T,T,T,T,T,T,T,T,T,T,T,B,B,B,B,B,B,B,B,B,B,B,B,B,B,B,B,B,B,B,B,B,P,P,P,P,P,P,P,P,P,P,P,P,B,B,B,B,B,B,R,R,R,R,R,R,R,R,R,T,T,T,T,T,T,T,T,T,T,T,T,T,T,T,T,T,T,T,T,T,T,T,T,T,T,T,T,T,T,T,T,T,T,T,T,T,T,B,B,B,B,B,B,B,B,B,B,B,B,B,B,B,B,B,B,B,B,B,P,P,P,P,P,P,P,P,P,P,P,P,B,B,B,B,B,R,R,R,R,R,R,R,R,R,R,T,T,T,T,T,T,T,T,T,T,T,T,T,T,T,T,T,T,T,T,T,T,T,T,T,T,T,T,T,T,T,T,T,T,T,T,B,B,B,B,B,B
B,B,B,B,B,B,B,B,B,B,B,B,B,B,B,P,P,P,P,P,P,P,P,P,P,P,P,P,B,B,B,B,B,B,R,R,R,R,R,R,R,R,R,T,T,T,T,T,T,T,T,T,T,T,T,T,T,T,T,T,T,T,T,T,T,T,T,T,T,T,T,T,T,T,T,T,T,T,T,T,B,B,B,B,B,B,B,B,B,B,B,B,B,B,B,B,B,B,B,B,P,P,P,P,P,P,P,P,P,P,P,P,P,P,B,B,B,B,B,R,R,R,R,R,R,R,R,R,T,T,T,T,T,T,T,T,T,T,T,T,T,T,T,T,T,T,T,T,T,T,T,T,T,T,T,T,T,T,T,T,T,T,T,T,T,B,B,B,B,B,B,B,B,B,B,B,B,B,B,B,B,B,B,B,B,P,P,P,P,P,P,P,P,P,P,P,P,P,P,B,B,B,B,R,R,R,R,R,R,R,R,R,R,T,T,T,T,T,T,T,T,T,T,T,T,T,T,T,T,T,T,T,T,T,T,T,T,T,T,T,T,T,T,T,T,T,T,T,T,T
B,B,B,B,B,B,B,B,B,B,B,B,B,B,B,B,B,B,B,B,B,P,P,P,P,P,P,P,P,P,P,P,P,B,B,B,B,B,B,B,R,R,R,R,R,R,R,R,T,T,T,T,T,T,T,T,T,T,T,T,T,T,T,T,T,T,T,T,T,T,T,T,T,T,T,T,T,T,T,T,T,T,T,T,T,B,B,B,B,B,B,B,B,B,B,B,B,B,B,B,B,B,B,B,B,P,P,P,P,P,P,P,P,P,P,P,P,P,P,B,B,B,B,B,B,R,R,R,R,R,R,R,R,R,T,T,T,T,T,T,T,T,T,T,T,T,T,T,T,T,T,T,T,T,T,T,T,T,T,T,T,T,T,T,T,T,T,T,T,T,T,B,B,B,B,B,B,B,B,B,B,B,B,B,B,B,B,P,P,P,P,P,P,P,P,P,P,P,P,P,P,P,P,P,B,B,B,B,R,R,R,R,R,R,R,R,R,T,T,T,T,T,T,T,T,T,T,T,T,T,T,T,T,T,T,T,T,T,T,T,T,T,T,T,T,T,T,T,T,T
R,R,R,T,T,T,T,T,T,T,T,T,T,T,T,T,T,T,T,T,T,T,T,T,T,T,T,T,T,T,T,T,T,T,T,T,T,T,T,T,B,B,B,B,B,B,B,B,B,B,B,B,B,P,P,P,P,P,P,P,P,P,P,B,B,B,B,B,B,B,B,B,B,R,R,R,R,R,R,T,T,T,T,T,T,T,T,T,T,T,T,T,T,T,T,T,T,T,T,T,T,T,T,T,T,T,T,T,T,T,T,T,T,T,T,B,B,B,B,B,B,B,B,B,B,B,B,B,B,B,P,P,P,P,P,P,P,P,B,B,B,B,B,B,B,B,B,B,R,R,R,R,R,R,T,T,T,T,T,T,T,T,T,T,T,T,T,T,T,T,T,T,T,T,T,T,T,T,T,T,T,T,T,T,T,T,T,T,T,T,T,T,B,B,B,B,B,B,B,B,B,B,B,P,P,P,P,P,P,P,P,P,P,B,B,B,B,B,B,B,B,B,B,R,R,R,R,R,R,T,T,T,T,T,T,T,T,T,T,T,T,T,T,T,T,T,T,T,T,T
T,T,T,T,T,T,T,T,T,T,T,T,T,T,T,B,B,B,B,B,B,B,B,B,B,B,B,P,P,P,P,P,P,P,P,P,P,P,B,B,B,B,B,B,B,B,B,R,R,R,R,R,R,R,T,T,T,T,T,T,T,T,T,T,T,T,T,T,T,T,T,T,T,T,T,T,T,T,T,T,T,T,T,T,T,T,T,T,T,T,B,B,B,B,B,B,B,B,B,B,P,P,P,P,P,P,P,P,P,P,P,P,P,P,B,B,B,B,B,B,B,B,B,R,R,R,R,R,R,T,T,T,T,T,T,T,T,T,T,T,T,T,T,T,T,T,T,T,T,T,T,T,T,T,T,T,T,T,T,T,T,T,T,T,T,B,B,B,B,B,B,B,B,B,B,B,B,B,B,P,P,P,P,P,P,P,P,P,P,P,P,P,B,B,B,B,B,B,R,R,R,R,R,R,T,T,T,T,T,T,T,T,T,T,T,T,T,T,T,T,T,T,T,T,T,T,T,T,T,T,T,T,T,T,T,T,T,T,T,T,T,T,B,B,B,B,B,B,B,B
B,B,B,P,P,P,P,P,P,P,P,P,P,P,P,B,B,B,B,B,B,B,B,R,R,R,R,R,R,T,T,T,T,T,T,T,T,T,T,T,T,T,T,T,T,T,T,T,T,T,T,T,T,T,T,T,T,T,T,T,T,T,T,T,B,B,B,B,B,B,B,B,B,B,B,B,B,P,P,P,P,P,P,P,P,P,P,P,B,B,B,B,B,B,B,B,B,B,R,R,R,R,R,R,T,T,T,T,T,T,T,T,T,T,T,T,T,T,T,T,T,T,T,T,T,T,T,T,T,T,T,T,T,T,T,T,T,T,T,B,B,B,B,B,B,B,B,B,B,B,B,B,B,P,P,P,P,P,P,P,P,P,P,P,B,B,B,B,B,B,B,B,B,R,R,R,R,R,R,R,T,T,T,T,T,T,T,T,T,T,T,T,T,T,T,T,T,T,T,T,T,T,T,T,T,T,T,T,T,T,T,T,T,T,B,B,B,B,B,B,B,B,B,B,B,B,B,B,B,P,P,P,P,P,P,P,P,P,B,B,B,B,B,B,B,B,B,B,B,B
B,B,B,B,B,B,B,B,P,P,P,P,P,P,P,P,P,P,P,P,P,P,P,P,P,P,P,B,B,B,B,B,B,B,R,R,R,R,R,R,R,R,T,T,T,T,T,T,T,T,T,T,T,T,T,T,T,T,T,T,T,T,T,T,T,T,T,T,T,T,T,T,T,T,T,B,B,B,B,B,B,B,B,B,B,B,B,B,B,P,P,P,P,P,P,P,P,P,P,P,P,P,P,P,B,B,B,B,B,B,B,B,R,R,R,R,R,R,R,R,T,T,T,T,T,T,T,T,T,T,T,T,T,T,T,T,T,T,T,T,T,T,T,T,T,T,T,T,T,T,T,T,B,B,B,B,B,B,B,B,B,B,B,B,B,B,B,P,P,P,P,P,P,P,P,P,P,P,P,P,P,B,B,B,B,B,B,B,B,R,R,R,R,R,R,R,R,T,T,T,T,T,T,T,T,T,T,T,T,T,T,T,T,T,T,T,T,T,T,T,T,T,T,T,T,T,T,T,T,B,B,B,B,B,B,B,B,B,B,B,B,B,B,B,B,B,B,B,B,B
P,P,P,P,P,P,P,P,P,B,B,B,B,B,B,R,R,R,R,R,R,R,R,R,T,T,T,T,T,T,T,T,T,T,T,T,T,T,T,T,T,T,T,T,T,T,T,T,T,T,T,T,T,T,T,T,B,B,B,B,B,B,B,B,B,B,B,B,B,B,B,B,P,P,P,P,P,P,P,P,P,P,P,P,P,P,B,B,B,B,B,B,B,R,R,R,R,R,R,R,R,T,T,T,T,T,T,T,T,T,T,T,T,T,T,T,T,T,T,T,T,T,T,T,T,T,T,T,T,T,T,T,T,B,B,B,B,B,B,B,B,B,B,B,B,B,P,P,P,P,P,P,P,P,P,P,P,P,P,P,P,P,P,B,B,B,B,B,B,R,R,R,R,R,R,R,R,R,R,T,T,T,T,T,T,T,T,T,T,T,T,T,T,T,T,T,T,T,T,T,T,T,T,T,T,T,T,T,T,T,B,B,B,B,B,B,B,B,B,B,B,B,B,B,B,P,P,P,P,P,P,P,P,P,P,P,P,P,P,P,B,B,B,B,B,B,B,R,R,R
R,R,R,R,R,T,T,T,T,T,T,T,T,T,T,T,T,T,T,T,T,T,T,T,T,T,T,T,T,T,T,T,T,T,T,T,T,T,B,B,B,B,B,B,B,B,B,B,B,B,P,P,P,P,P,P,P,P,P,P,P,P,P,P,P,P,B,B,B,B,B,B,B,R,R,R,R,R,R,R,R,R,R,T,T,T,T,T,T,T,T,T,T,T,T,T,T,T,T,T,T,T,T,T,T,T,T,T,T,T,T,T,T,B,B,B,B,B,B,B,B,B,B,B,B,B,B,B,P,P,P,P,P,P,P,P,P,P,P,P,P,P,P,B,B,B,B,B,B,B,B,R,R,R,R,R,R,R,R,R,R,T,T,T,T,T,T,T,T,T,T,T,T,T,T,T,T,T,T,T,T,T,T,T,T,T,T,T,T,T,B,B,B,B,B,B,B,B,B,B,B,B,B,B,B,B,P,P,P,P,P,P,P,P,P,P,P,P,P,P,B,B,B,B,B,B,B,R,R,R,R,R,R,R,R,T,T,T,T,T,T,T,T,T,T,T,T,T,T,T
B,B,B,B,B,B,B,B,B,B,B,B,B,B,B,B,B,B,B,P,P,P,P,P,P,P,P,P,P,P,P,P,P,P,B,B,B,B,B,B,B,B,B,B,B,B,B,B,R,R,R,R,R,R,R,R,R,R,R,R,R,T,T,T,T,T,T,T,T,T,T,T,T,T,T,T,T,T,T,T,T,T,T,T,T,T,T,T,T,T,T,T,T,T,T,T,T,T,T,T,T,T,B,B,B,B,B,B,B,B,B,B,B,B,B,B,B,B,B,B,B,B,B,P,P,P,P,P,P,P,P,P,P,P,P,P,P,P,P,B,B,B,B,B,B,B,B,B,B,B,B,B,B,B,R,R,R,R,R,R,R,R,R,R,R,R,T,T,T,T,T,T,T,T,T,T,T,T,T,T,T,T,T,T,T,T,T,T,T,T,T,T,T,T,T,T,T,T,T,T,T,T,T,T,T,T,T,T,B,B,B,B,B,B,B,B,B,B,B,B,B,B,B,B,B,B,B,B,B,B,P,P,P,P,P,P,P,P,P,P,P,P,P,P,P,P,B,B,B,B
B,B,B,B,B,B,B,B,B,B,R,R,R,R,R,R,R,R,R,R,R,R,R,T,T,T,T,T,T,T,T,T,T,T,T,T,T,T,T,T,T,T,T,T,T,T,T,T,T,T,T,T,T,T,T,T,T,T,T,T,T,T,T,T,B,B,B,B,B,B,B,B,B,B,B,B,B,B,B,B,B,B,B,B,B,B,B,P,P,P,P,P,P,P,P,P,P,P,P,P,P,P,P,B,B,B,B,B,B,B,B,B,B,B,B,B,B,B,B,R,R,R,R,R,R,R,R,R,R,R,R,T,T,T,T,T,T,T,T,T,T,T,T,T,T,T,T,T,T,T,T,T,T,T,T,T,T,T,T,T,T,T,T,T,T,T,T,T,T,T,T,T,T,T,B,B,B,B,B,B,B,B,B,B,B,B,B,B,B,B,B,B,B,B,B,B,B,B,P,P,P,P,P,P,P,P,P,P,P,P,P,B,B,B,B,B,B,B,B,B,B,B,B,B,B,B,B,B,R,R,R,R,R,R,R,R,R,R,R,R,T,T,T,T,T,T,T,T,T,T
T,T,T,T,T,T,T,T,T,T,T,T,T,T,T,T,T,T,T,T,T,T,T,T,T,T,T,T,T,T,T,T,B,B,B,B,B,B,B,B,B,B,B,B,B,B,B,B,B,B,B,B,B,B,B,B,B,B,P,P,P,P,P,P,P,P,P,P,P,P,P,P,P,B,B,B,B,B,B,B,B,B,B,B,B,B,B,B,B,R,R,R,R,R,R,R,R,R,R,R,R,T,T,T,T,T,T,T,T,T,T,T,T,T,T,T,T,T,T,T,T,T,T,T,T,T,T,T,T,T,T,T,T,T,T,T,T,T,T,T,T,T,B,B,B,B,B,B,B,B,B,B,B,B,B,B,B,B,B,B,B,B,B,B,B,B,B,B,B,P,P,P,P,P,P,P,P,P,P,P,P,P,P,B,B,B,B,B,B,B,B,B,B,B,B,B,B,B,B,B,R,R,R,R,R,R,R,R,R,R,R,R,R,R,T,T,T,T,T,T,T,T,T,T,T,T,T,T,T,T,T,T,T,T,T,T,T,T,T,T,T,T,T,T,T,T,T,T,T,T
T,T,T,T,T,T,T,T,T,T,T,T,T,T,T,T,T,T,T,T,T,B,B,B,B,B,B,B,B,B,B,B,B,B,B,B,B,B,B,B,B,B,B,B,B,B,B,B,B,B,B,B,B,B,B,B,B,B,B,B,B,B,B,B,B,B,B,P,P,P,P,P,P,P,P,P,P,P,P,P,P,P,B,B,B,B,B,B,B,B,B,B,B,B,B,B,B,B,B,B,R,R,R,R,R,R,R,R,R,R,R,T,T,T,T,T,T,T,T,T,T,T,T,T,T,T,T,T,T,T,T,T,T,T,T,T,T,T,T,T,T,T,T,T,T,T,T,T,T,T,T,T,T,T,T,T,B,B,B,B,B,B,B,B,B,B,B,B,B,B,B,B,B,B,B,B,B,B,B,B,B,B,B,B,B,B,B,B,B,B,B,B,B,B,B,B,B,B,B,B,B,B,B,P,P,P,P,P,P,P,P,P,P,P,P,P,P,P,P,B,B,B,B,B,B,B,B,B,B,B,B,B,B,B,B,B,B,R,R,R,R,R,R,R,R,R,R,R,R,R
T,T,T,T,T,T,T,T,T,T,T,T,T,T,T,T,T,T,T,T,T,T,T,T,T,T,T,T,T,T,T,T,T,T,T,T,T,T,T,T,T,T,T,T,T,B,B,B,B,B,B,B,B,B,B,B,B,B,B,B,B,B,B,B,B,B,B,B,B,B,B,B,B,B,B,B,B,B,B,B,B,B,B,B,B,B,B,B,B,P,P,P,P,P,P,P,P,P,P,P,P,P,P,P,P,P,P,B,B,B,B,B,B,B,B,B,B,B,B,B,B,B,B,B,B,R,R,R,R,R,R,R,R,R,R,T,T,T,T,T,T,T,T,T,T,T,T,T,T,T,T,T,T,T,T,T,T,T,T,T,T,T,T,T,T,T,T,T,T,T,T,T,T,T,T,T,T,T,T,T,T,B,B,B,B,B,B,B,B,B,B,B,B,B,B,B,B,B,B,B,B,B,B,B,B,B,B,B,B,B,B,B,B,B,B,B,B,B,P,P,P,P,P,P,P,P,P,P,P,P,P,P,P,B,B,B,B,B,B,B,B,B,B,B,B,B,B,B,B,B
B,R,R,R,R,R,R,R,R,R,R,R,R,T,T,T,T,T,T,T,T,T,T,T,T,T,T,T,T,T,T,T,T,T,T,T,T,T,T,T,T,T,T,T,T,T,T,T,T,T,T,T,T,T,T,T,B,B,B,B,B,B,B,B,B,B,B,B,B,B,B,B,B,B,B,B,B,B,B,B,B,B,B,B,B,B,B,B,B,B,B,B,B,B,B,P,P,P,P,P,P,P,P,P,P,P,P,P,B,B,B,B,B,B,B,B,B,B,B,B,B,B,B,B,B,B,B,R,R,R,R,R,R,R,R,R,R,R,R,T,T,T,T,T,T,T,T,T,T,T,T,T,T,T,T,T,T,T,T,T,T,T,T,T,T,T,T,T,T,T,T,T,T,T,T,T,T,T,T,T,T,T,T,T,T,B,B,B,B,B,B,B,B,B,B,B,B,B,B,B,B,B,B,B,B,B,B,B,B,B,B,B,B,B,B,B,B,B,B,B,B,B,B,B,B,B,P,P,P,P,P,P,P,P,P,P,P,P,P,P,P,P,B,B,B,B,B,B,B,B
